-- phpMyAdmin SQL Dump
-- version 4.8.4
-- https://www.phpmyadmin.net/
--
-- Host: localhost
-- Generation Time: May 15, 2021 at 12:34 PM
-- Server version: 10.1.26-MariaDB
-- PHP Version: 7.2.34

SET SQL_MODE = "NO_AUTO_VALUE_ON_ZERO";
SET AUTOCOMMIT = 0;
START TRANSACTION;
SET time_zone = "+00:00";


/*!40101 SET @OLD_CHARACTER_SET_CLIENT=@@CHARACTER_SET_CLIENT */;
/*!40101 SET @OLD_CHARACTER_SET_RESULTS=@@CHARACTER_SET_RESULTS */;
/*!40101 SET @OLD_COLLATION_CONNECTION=@@COLLATION_CONNECTION */;
/*!40101 SET NAMES utf8mb4 */;

--
-- Database: `glovepfs_admin`
--

-- --------------------------------------------------------

--
-- Table structure for table `tbl_admin`
--

CREATE TABLE `tbl_admin` (
  `id` int(11) NOT NULL,
  `full_name` varchar(255) NOT NULL,
  `username` varchar(255) NOT NULL,
  `password` varchar(255) NOT NULL,
  `ip` varchar(2) NOT NULL,
  `create_date` date NOT NULL
) ENGINE=InnoDB DEFAULT CHARSET=utf8;

--
-- Dumping data for table `tbl_admin`
--

INSERT INTO `tbl_admin` (`id`, `full_name`, `username`, `password`, `ip`, `create_date`) VALUES
(1, 'Administrator', 'admin', '2c06622978f8aae1db4ae1ed225adbc8', '1', '2020-08-03');

-- --------------------------------------------------------

--
-- Table structure for table `tbl_banner`
--

CREATE TABLE `tbl_banner` (
  `id` int(11) NOT NULL,
  `name` varchar(255) DEFAULT NULL,
  `img_cover` varchar(255) DEFAULT NULL,
  `create_date` date NOT NULL,
  `update_date` date DEFAULT NULL,
  `is_active` int(11) NOT NULL DEFAULT '1'
) ENGINE=InnoDB DEFAULT CHARSET=utf8;

--
-- Dumping data for table `tbl_banner`
--

INSERT INTO `tbl_banner` (`id`, `name`, `img_cover`, `create_date`, `update_date`, `is_active`) VALUES
(1, 'Test', 'dinoson.png', '2020-08-04', '2020-08-04', 1);

-- --------------------------------------------------------

--
-- Table structure for table `tbl_category`
--

CREATE TABLE `tbl_category` (
  `id` int(11) NOT NULL,
  `c_name` varchar(300) DEFAULT NULL,
  `create_date` date DEFAULT NULL,
  `update_date` date DEFAULT NULL,
  `is_active` int(11) NOT NULL DEFAULT '1'
) ENGINE=InnoDB DEFAULT CHARSET=utf8;

--
-- Dumping data for table `tbl_category`
--

INSERT INTO `tbl_category` (`id`, `c_name`, `create_date`, `update_date`, `is_active`) VALUES
(1, 'ถุงมือยางสีขาว Disposable ไม่มีแป้ง', NULL, '2021-02-15', 1),
(2, 'ถุงมือยางสีขาว Disposable มีแป้ง', NULL, '2021-02-15', 1),
(3, 'ถุงมือยางไนไตรไม่มีแป้ง Disposable', NULL, '2021-02-01', 1),
(4, 'ผลไม้', NULL, '2021-01-12', 0),
(5, 'เครื่องดื่ม', NULL, '2021-01-12', 0),
(6, 'สลัด', NULL, '2021-01-12', 0),
(7, 'ไดอารี่ (Diary) / สมุดโน้ต (Notebook)', NULL, '2021-01-07', 0),
(8, 'สติ๊กเกอร์ (Sticker & Label)', NULL, '2021-01-07', 0),
(9, 'กระดาษโน้ต/ กระดาษก้อน/ สมุดฉีก', NULL, '2021-01-07', 0),
(10, 'โปสเตอร์ (Poster)', NULL, '2021-01-07', 0),
(11, 'Sign Stand (Standee)', NULL, '2021-01-07', 0),
(12, 'เอ็กซ์แสตน (X-Banner Stand)', NULL, '2021-01-07', 0),
(13, 'โรลอัพ (Pull Frame - Roll up)', NULL, '2021-01-07', 0),
(14, 'แฟ้ม (Folder)', NULL, '2021-01-07', 0),
(15, 'บัตรสะสมแต้ม, บัตรสะสมคะแนน', NULL, '2021-01-07', 0),
(16, 'นามบัตร (Name Card)', NULL, '2021-01-07', 0),
(17, 'กล่องบรรจุภัณฑ์ (Package)', NULL, '2021-01-07', 0),
(18, 'ป้ายแท็ก   (Tag)', NULL, '2021-01-07', 0),
(19, 'งานเม้าท์บอร์ด (Mounted board)', '2021-01-07', '2021-01-07', 0),
(20, 'ป้ายเด้ง (Wobble)', '2021-01-07', '2021-01-07', 0),
(21, 'เชลฟ์ทอล์คเกอร์ (Shelf Talker)', '2021-01-07', '2021-01-07', 0),
(22, 'กระจกใส', '2021-01-07', '2021-01-07', 0),
(23, 'ของหวาน', '2021-01-12', '2021-01-12', 0),
(24, 'เมนูต้ม', '2021-01-12', NULL, 0),
(25, 'A', '2021-01-22', NULL, 0),
(26, 'sd', '2021-01-22', NULL, 0);

-- --------------------------------------------------------

--
-- Table structure for table `tbl_order`
--

CREATE TABLE `tbl_order` (
  `id` int(20) NOT NULL,
  `customer` varchar(100) DEFAULT NULL,
  `order_year` varchar(20) DEFAULT NULL,
  `order_no` varchar(50) DEFAULT NULL,
  `order_tel` varchar(30) DEFAULT NULL,
  `order_email` varchar(300) DEFAULT NULL,
  `order_address` text,
  `order_mo` varchar(300) DEFAULT NULL,
  `order_del` varchar(300) DEFAULT NULL,
  `order_jaw` varchar(300) DEFAULT NULL,
  `order_pos` varchar(300) DEFAULT NULL,
  `order_date` varchar(300) DEFAULT NULL,
  `order_time` varchar(300) NOT NULL,
  `order_cost` varchar(300) NOT NULL,
  `order_total` decimal(10,0) DEFAULT NULL,
  `order_delivery` decimal(10,0) DEFAULT NULL,
  `delivery_type` varchar(10) DEFAULT NULL,
  `order_smprice` int(255) DEFAULT NULL,
  `slip` varchar(300) DEFAULT NULL,
  `is_timestamp` varchar(100) NOT NULL,
  `is_check` varchar(2) DEFAULT '0',
  `is_status` varchar(2) DEFAULT '0',
  `is_active` varchar(2) DEFAULT '1',
  `is_recommend` varchar(2) DEFAULT '0',
  `create_date` datetime DEFAULT NULL,
  `update_date` datetime DEFAULT NULL
) ENGINE=InnoDB DEFAULT CHARSET=utf8;

--
-- Dumping data for table `tbl_order`
--

INSERT INTO `tbl_order` (`id`, `customer`, `order_year`, `order_no`, `order_tel`, `order_email`, `order_address`, `order_mo`, `order_del`, `order_jaw`, `order_pos`, `order_date`, `order_time`, `order_cost`, `order_total`, `order_delivery`, `delivery_type`, `order_smprice`, `slip`, `is_timestamp`, `is_check`, `is_status`, `is_active`, `is_recommend`, `create_date`, `update_date`) VALUES
(1, 'ณฐกร', '2021', 'ORDER-00012021', '0813456743', 'hw@gmail.com', '05/22', 'บางเมือง', 'เมือง', 'ชัยนาท', '10329', '20/01/2564', '16:37', '35', '35', '30', '1', 30, NULL, '11611222725', '0', '0', '1', '0', '2021-01-21 00:00:00', '2021-01-21 00:00:00'),
(2, 'ณฐกร', '2021', 'ORDER-00022021', '0813456743', 'hw@gmail.com', '96/96', 'บางเมือง', 'เมือง', 'ชัยนาท', '10329', '20/01/2564', '16:37', '35', '35', '30', '0', 30, NULL, '21611223755', '0', '0', '1', '0', '2021-01-21 00:00:00', '2021-01-21 00:00:00'),
(3, 'ณฐกร', '2021', 'ORDER-00032021', '0977777777', 'totorocool01@gmail.com', '05/50', 'บางเมือง', 'เมือง', 'ชัยนาท', '10329', '20/01/2564', '16:37', '35', '35', '30', '0', 30, '1.jpg', '31611224756', '0', '0', '1', '0', '2021-01-21 00:00:00', '2021-01-21 00:00:00'),
(4, 'ณฐกร', '2021', 'ORDER-00042021', '0813456743', 'hw@gmail.com', '50/50', 'บางเมือง', 'เมือง', 'ชัยนาท', '10329', NULL, '', '', '530', '546', '1', 0, NULL, '41611225676', '0', '0', '1', '0', '2021-01-21 00:00:00', '2021-01-21 00:00:00'),
(5, 'ณฐกร', '2021', 'ORDER-00052021', '0813456743', 'hw@gmail.com', '50/50', 'บางเมือง', 'เมือง', 'ชัยนาท', '10329', '20/01/2564', '16:37', '35', '625', '19', '1', 644, '2.jpg', '51611227109', '0', '0', '1', '0', '2021-01-21 00:00:00', '2021-01-21 00:00:00'),
(6, 'ณฐกร', '2021', 'ORDER-00062021', '0813456743', 'hw@gmail.com', '50/05', 'บางเมือง', 'เมือง', 'ชัยนาท', '10329', '22/01/2564', '10:22', '65', '35', '30', '0', 65, '1.jpg', '61611283281', '1', '1', '1', '0', '2021-01-22 00:00:00', '2021-01-22 00:00:00'),
(7, 'นันทิชา เล็กสุวรรณ', '2021', 'ORDER-00072021', '0977777777', 'hw@gmail.com', 'นวมินทร์ แยก 2-3-4', 'บางเมือง', 'เมือง', 'กทม', '10329', '22/01/2564', '13.13', '415', '315', '100', '0', 415, '01.jpg', '71611295933', '1', '1', '1', '0', '2021-01-22 00:00:00', '2021-01-22 00:00:00'),
(8, NULL, '2021', 'ORDER-00082021', NULL, NULL, NULL, NULL, NULL, NULL, NULL, NULL, '', '', '2300', '0', '1', NULL, NULL, '81613113576', '0', '0', '1', '0', '2021-02-12 00:00:00', NULL),
(9, NULL, '2021', 'ORDER-00092021', NULL, NULL, NULL, NULL, NULL, NULL, NULL, NULL, '', '', '2300', '0', '0', NULL, NULL, '91613113609', '0', '0', '1', '0', '2021-02-12 00:00:00', NULL),
(10, 'พลอย', '2021', 'ORDER-00102021', '0626986099', 'info@thioka.com', 'บริษัท ฐิโอกะ เอ็นเตอร์ไพร์ส\r\n281/93 ถนนวิภาวดีรังสิต', 'สนามบิน', 'ดอนเมือง', 'กรุงเทพ', '10210', NULL, '', '', '2300', '69', '1', 2369, NULL, '101613113874', '0', '0', '1', '0', '2021-02-12 00:00:00', '2021-02-12 00:00:00'),
(11, 'พลอย', '2021', 'ORDER-00112021', '0626986099', 'info@thioka.com', 'บริษัท ฐิโอกะ เอ็นเตอร์ไพร์ส จำกัด\r\n281/93 ถนนวิภาวดีรังสิต', 'สนามบิน', 'ดอนเมือง', 'กรุงเทพ', '10210', NULL, '', '', '2300', '69', '1', 2369, NULL, '111613113965', '0', '0', '1', '0', '2021-02-12 00:00:00', '2021-02-12 00:00:00'),
(12, ' treat43q', '2021', 'ORDER-00122021', '656489489', 'uyru6u64', 'ru4u46wy', '4w5y64wyw46', '45y345y456', 'yw45y45y', '45y45y3q56y', NULL, '', '', '90', '12', '1', 102, NULL, '121613354407', '0', '0', '1', '0', '2021-02-15 00:00:00', '2021-02-15 00:00:00'),
(13, NULL, '2021', 'ORDER-00132021', NULL, NULL, NULL, NULL, NULL, NULL, NULL, NULL, '', '', '18500', '0', '0', NULL, NULL, '131614049394', '0', '0', '1', '0', '2021-02-23 00:00:00', NULL),
(14, NULL, '2021', 'ORDER-00142021', NULL, NULL, NULL, NULL, NULL, NULL, NULL, NULL, '', '', '890', '0', '1', NULL, NULL, '141614678500', '0', '0', '1', '0', '2021-03-02 00:00:00', NULL),
(15, NULL, '2021', 'ORDER-00152021', NULL, NULL, NULL, NULL, NULL, NULL, NULL, NULL, '', '', '1820', '0', '1', NULL, NULL, '151615867521', '0', '0', '1', '0', '2021-03-16 00:00:00', NULL),
(16, NULL, '2021', 'ORDER-00162021', NULL, NULL, NULL, NULL, NULL, NULL, NULL, NULL, '', '', '890', '0', '0', NULL, NULL, '161615963668', '0', '0', '1', '0', '2021-03-17 00:00:00', NULL),
(17, NULL, '2021', 'ORDER-00172021', NULL, NULL, NULL, NULL, NULL, NULL, NULL, NULL, '', '', '708', '0', '1', NULL, NULL, '171616221248', '0', '0', '1', '0', '2021-03-20 00:00:00', NULL),
(18, 'สุวิชชา สุทธิโชติ', '2021', 'ORDER-00182021', '090-3239469', 'teeglo2ious@gmail.com', '99/245  มบ มณชญา 2 ซอยสายไหม 49 แขวง/เขต สายไหม', 'สายไหม', 'สายไหม', 'กทม', '10220', NULL, '', '', '708', '22', '1', 730, NULL, '181616221334', '0', '0', '1', '0', '2021-03-20 00:00:00', '2021-03-20 00:00:00'),
(19, NULL, '2021', 'ORDER-00192021', NULL, NULL, NULL, NULL, NULL, NULL, NULL, NULL, '', '', '4610', '0', '1', NULL, NULL, '191619874954', '0', '0', '1', '0', '2021-05-01 00:00:00', NULL),
(20, NULL, '2021', 'ORDER-00202021', NULL, NULL, NULL, NULL, NULL, NULL, NULL, NULL, '', '', '0', '0', '0', NULL, NULL, '201619874970', '0', '0', '1', '0', '2021-05-01 00:00:00', NULL),
(21, NULL, '2021', 'ORDER-00212021', NULL, NULL, NULL, NULL, NULL, NULL, NULL, NULL, '', '', '0', '0', '1', NULL, NULL, '211619874984', '0', '0', '1', '0', '2021-05-01 00:00:00', NULL),
(22, 'บริษัท เวลล์เมค ไมโครนิคส์ จำกัด', '2021', 'ORDER-00222021', '0871146888', 'pcr_sl@yahoo.co.th', '32/2. หมู่7', 'บึงคำพร้อย', 'ลำลูกกา', 'ปทุมธานี', '12150', NULL, '', '', '0', '0', '1', 0, NULL, '221619875001', '0', '0', '1', '0', '2021-05-01 00:00:00', '2021-05-01 00:00:00'),
(23, 'บริษัท เวลล์เมคไมโครนิคส์ จำกัด', '2021', 'ORDER-00232021', '0871146888', '-', '32/2หมู่7 ', 'บึงคำพร้อย', 'ลำลูกกา', 'ปทุมธานี', '12150', NULL, '', '', '4610', '139', '1', 4749, NULL, '231619882065', '0', '0', '1', '0', '2021-05-01 00:00:00', '2021-05-01 00:00:00'),
(24, NULL, '2021', 'ORDER-00242021', NULL, NULL, NULL, NULL, NULL, NULL, NULL, NULL, '', '', '4610', '0', '1', NULL, NULL, '241619940641', '0', '0', '1', '0', '2021-05-02 00:00:00', NULL),
(25, NULL, '2021', 'ORDER-00252021', NULL, NULL, NULL, NULL, NULL, NULL, NULL, NULL, '', '', '0', '0', '0', NULL, NULL, '251620900438', '0', '0', '1', '0', '2021-05-13 00:00:00', NULL);

-- --------------------------------------------------------

--
-- Table structure for table `tbl_order_desc`
--

CREATE TABLE `tbl_order_desc` (
  `order_id` int(11) NOT NULL,
  `product_id` int(11) DEFAULT NULL,
  `product_name` varchar(150) DEFAULT NULL,
  `qty` int(10) DEFAULT NULL,
  `t_size` text,
  `subtotal` decimal(10,2) DEFAULT NULL,
  `total` decimal(10,2) DEFAULT NULL,
  `rank` int(2) DEFAULT NULL
) ENGINE=MyISAM DEFAULT CHARSET=utf8;

--
-- Dumping data for table `tbl_order_desc`
--

INSERT INTO `tbl_order_desc` (`order_id`, `product_id`, `product_name`, `qty`, `t_size`, `subtotal`, `total`, `rank`) VALUES
(1, 4, 'ถุงมือแพทย์แบบไม่มีแป้ง 5.4 กรัม', 1, 'l', '35.00', '35.00', 1),
(2, 3, 'ถุงมือแพทย์แบบไม่มีแป้ง 5.0 กรัม', 1, 'l', '35.00', '35.00', 1),
(3, 3, 'ถุงมือแพทย์แบบไม่มีแป้ง 5.0 กรัม', 1, 'm', '35.00', '35.00', 1),
(4, 3, 'ถุงมือแพทย์แบบไม่มีแป้ง 5.0 กรัม', 1, 'xl', '35.00', '35.00', 1),
(4, 5, 'ถุงมือยางไนไตรไม่มีแป้ง 3.5 g', 1, 'm', '45.00', '45.00', 2),
(4, 8, 'ถุงมือยางไนไตรไม่มีแป้ง 5.0 g ข้อยาว', 1, 's', '45.00', '45.00', 3),
(4, 13, 'ถุงมือยางไนไตรไม่มีแป้ง 5.0 g', 1, 'xl', '45.00', '45.00', 4),
(4, 12, 'ถุงมือยางไนไตรไม่มีแป้ง 3.5 g', 5, 'xl', '45.00', '225.00', 5),
(4, 10, 'ถุงมือยางไนไตรไม่มีแป้ง 5.0 g', 3, 'xl', '45.00', '135.00', 6),
(5, 3, 'ถุงมือแพทย์แบบไม่มีแป้ง 5.0 กรัม', 5, 'xl', '35.00', '175.00', 1),
(5, 9, 'ถุงมือยางไนไตรไม่มีแป้ง 5.0 g', 5, 'xl', '45.00', '225.00', 2),
(5, 12, 'ถุงมือยางไนไตรไม่มีแป้ง 3.5 g', 5, 'xl', '45.00', '225.00', 3),
(6, 3, 'ถุงมือแพทย์แบบไม่มีแป้ง 5.0 กรัม', 1, 'xl', '35.00', '35.00', 1),
(7, 13, 'ถุงมือยางไนไตรไม่มีแป้ง 5.0 g', 3, 'xs', '45.00', '135.00', 1),
(7, 10, 'ถุงมือยางไนไตรไม่มีแป้ง 5.0 g', 3, 'm', '45.00', '135.00', 2),
(7, 9, 'ถุงมือยางไนไตรไม่มีแป้ง 5.0 g', 1, 'l', '45.00', '45.00', 3),
(8, 3, 'ถุงมือยางสีขาว แบบไม่มีแป้ง 5.5', 10, 's', '230.00', '2300.00', 1),
(9, 3, 'ถุงมือยางสีขาว แบบไม่มีแป้ง 5.5', 10, 's', '230.00', '2300.00', 1),
(10, 3, 'ถุงมือยางสีขาว แบบไม่มีแป้ง 5.5', 10, 's', '230.00', '2300.00', 1),
(11, 3, 'ถุงมือยางสีขาว แบบไม่มีแป้ง 5.5', 10, 's', '230.00', '2300.00', 1),
(12, 33, 'ถุงมือยางไนไตรไม่มีแป้ง 3.5 g', 2, 'm', '45.00', '90.00', 1),
(13, 51, 'ถุงมือยางไนไตรไม่มีแป้ง 3.5 g', 50, 'M', '370.00', '18500.00', 1),
(14, 33, 'ถุงมือยางไนไตรไม่มีแป้ง 3.5-4.5 g', 2, 'm', '445.00', '890.00', 1),
(15, 1, 'ถุงมือยางสีขาว แบบมีแป้ง 5.0', 10, 'm', '182.00', '1820.00', 1),
(16, 33, 'ถุงมือยางไนไตรไม่มีแป้ง 3.5-4.5 g', 2, 's', '445.00', '890.00', 1),
(17, 10, 'ถุงมือยางไนไตรไม่มีแป้ง 5.0 g', 2, 'm', '354.00', '708.00', 1),
(18, 10, 'ถุงมือยางไนไตรไม่มีแป้ง 5.0 g', 2, 'm', '354.00', '708.00', 1),
(19, 31, 'ถุงมือยางไนไตรไม่มีแป้ง 5.0 g', 10, 'l', '461.00', '4610.00', 1),
(23, 31, 'ถุงมือยางไนไตรไม่มีแป้ง 5.0 g', 10, 'l', '461.00', '4610.00', 1),
(24, 31, 'ถุงมือยางไนไตรไม่มีแป้ง 5.0 g', 10, 'l', '461.00', '4610.00', 1),
(25, 56, 'ถุงมือยางสีขาว (WA) แบบไม่มีแป้ง 5.4', 1, 's', '0.00', '0.00', 1);

-- --------------------------------------------------------

--
-- Table structure for table `tbl_product`
--

CREATE TABLE `tbl_product` (
  `id` int(11) NOT NULL,
  `name` varchar(255) DEFAULT NULL,
  `cat_name` varchar(300) DEFAULT NULL,
  `size_xs` varchar(300) DEFAULT NULL,
  `size_s` varchar(300) DEFAULT NULL,
  `size_m` varchar(300) DEFAULT NULL,
  `size_l` varchar(300) DEFAULT NULL,
  `size_xl` varchar(300) DEFAULT NULL,
  `price` int(50) DEFAULT NULL,
  `dsc` text,
  `img_cover` text NOT NULL,
  `create_date` date NOT NULL,
  `update_date` date DEFAULT NULL,
  `is_active` int(11) NOT NULL DEFAULT '1',
  `is_recommend` varchar(2) DEFAULT '0'
) ENGINE=InnoDB DEFAULT CHARSET=utf8;

--
-- Dumping data for table `tbl_product`
--

INSERT INTO `tbl_product` (`id`, `name`, `cat_name`, `size_xs`, `size_s`, `size_m`, `size_l`, `size_xl`, `price`, `dsc`, `img_cover`, `create_date`, `update_date`, `is_active`, `is_recommend`) VALUES
(1, 'Lawak', '4', 'xs', 's', 'm', 'l', '', 182, '																																																																																																																																																																																														<p>คุณสมบัติ : ผลิตจากยางธรรมชาติ </p><p>- ความยาว 9 นิ้ว</p><p>- สวมใส่ง่าย รู้สึกสบายมือ</p><p>การใช้งาน : </p><p>- งานอุตสาหกรรม อาหาร </p><p>- งานอุตสาหกรรม ยานยนต์</p><p>- งานอิเล็กทรอนิกส์</p><p>- งานทั่วไป</p><p>- งานเกษตร</p><p>- กลุ่มความงาม</p><p>- กลุ่มงานแพทย์</p><p>- กลุ่มสาธารณสุข</p><p>- ห้องปฏิบัติการ</p><p>สินค้ายังรวม VAT 7%</p>																																																																																																																																																																											', 'la_3.php', '2020-08-04', '2021-05-03', 0, '1'),
(2, 'ถุงมือแพทย์แบบมีแป้ง 5.4 g', '17', NULL, NULL, NULL, NULL, NULL, 35, '																				<p>คุณสมบัติ : ผลิตจากยางธรรมชาติ </p><p>- ความยาว 9 นิ้ว</p><p>- สวมใส่ง่าย รู้สึกสบายมือ</p><p>การใช้งาน : </p><p>- งานอุตสาหกรรม อาหาร </p><p>- งานอุตสาหกรรม ยานยนต์</p><p>- งานอิเล็กทรอนิกส์</p><p>- งานทั่วไป</p><p>- งานเกษตร</p><p>- กลุ่มความงาม</p><p>- กลุ่มงานแพทย์</p><p>- กลุ่มสาธารณสุข</p><p>- ห้องปฏิบัติการ</p><p>สินค้ายังไม่รวม VAT 7%</p>																		', '01.jpg', '2021-01-14', '2021-01-22', 0, '0'),
(3, 'Ngebug', '8', 'xs', 's', 'm', 'l', '', 247, '																																																																																																				<p>คุณสมบัติ : ผลิตจากยางธรรมชาติ </p><p>- ความยาว 9 นิ้ว</p><p>- สวมใส่ง่าย รู้สึกสบายมือ</p><p>การใช้งาน : </p><p>- งานอุตสาหกรรม อาหาร </p><p>- งานอุตสาหกรรม ยานยนต์</p><p>- งานอิเล็กทรอนิกส์</p><p>- งานทั่วไป</p><p>- งานเกษตร</p><p>- กลุ่มความงาม</p><p>- กลุ่มงานแพทย์</p><p>- กลุ่มสาธารณสุข</p><p>- ห้องปฏิบัติการ</p><p>สินค้ารวม VAT 7%</p>																																																																																										', 'me_2.php', '2021-01-14', '2021-05-07', 1, '1'),
(4, 'ถุงมือแพทย์แบบไม่มีแป้ง 5.4 g', '4', NULL, NULL, NULL, NULL, NULL, 35, '																				<p>คุณสมบัติ : ผลิตจากยางธรรมชาติ </p><p>- ความยาว 9 นิ้ว</p><p>- สวมใส่ง่าย รู้สึกสบายมือ</p><p>การใช้งาน : </p><p>- งานอุตสาหกรรม อาหาร </p><p>- งานอุตสาหกรรม ยานยนต์</p><p>- งานอิเล็กทรอนิกส์</p><p>- งานทั่วไป</p><p>- งานเกษตร</p><p>- กลุ่มความงาม</p><p>- กลุ่มงานแพทย์</p><p>- กลุ่มสาธารณสุข</p><p>- ห้องปฏิบัติการ</p><p>สินค้ายังไม่รวม VAT 7%</p>																		', '01.jpg', '2021-01-14', '2021-01-22', 0, '0'),
(5, 'ถุงมือยางไนไตรไม่มีแป้ง 5.0 g', '17', 'xs', 's', 'm', 'l', 'xl', 343, '																																																																																										<p>คุณสมบัติ : </p><p>* ทำจากยางไนไตรบิวทาไดอีน มี acrylonitrile ผสมอยู่ จึงทำให้ถุงมือไนไตรทนสารเคมีได้ดีกว่า สารเคมีที่ว่า มีทั้งสารพิษ กรด เบส ไขมันสัตว์ น้ำมันต่างๆ ตลอดจนสารไฮโดรคาร์บอนต่างๆ</p><p>การใช้งาน : </p><p>* อุตสาหกรรมอาหาร เครื่องดื่ม เพราะต้องสัมผัสน้ำมันพืช และไขมันต่างๆ</p><p>* อุตสาหกรรมอิเล็กทรอนิกส์ เพราะต้องสัมผัสสารเคมี จำนวนมาก</p><p>* อุตสาหกรรมห้องเย็น อาหารทะเล เพราะต้องมีการเก็บอาหารไว้ที่อุณหภูมิต่ำ</p><p>* อุตสาหกรรมเกษตร เพราะต้องสัมผัสสารพิษจำพวกยาฆ่าแมลง</p><p>* อุตสาหกรรมยา เพราะต้องสัมผัสสารพิษต่างๆ</p><p>* โรงฆ่าสัตว์ และ ชำแหละเนื้อสัตว์เพราะต้องสัมผัสน้ำมันจากสัตว์ และ ต้องมีการเก็บอาหารไว้ที่อุณหภูมิต่ำ</p><p>* คลินิก หมอฟัน พยาบาล เพราะต้องสัมผัส เลือด น้ำเหลืองต่างๆ</p><p>* ห้องแลปต่าง เพราะต้องสัมผัสสารเคมี จำนวนมาก</p><p>* ห้องคลีนรูปต่างๆ</p><p>* สถานที่ สัก tattoo</p><p>สินค้ารวม VAT 7%</p>																																																																																	', '22.jpg', '2021-01-14', '2021-02-15', 1, '1'),
(6, 'ถุงมือยางไนไตรไม่มีแป้ง 6.0g ข้อยาว', '9', '', 's', 'm', 'l', '', 343, '																																																																																																																								<p>คุณสมบัติ : </p><p>* ทำจากยางไนไตรบิวทาไดอีน มี acrylonitrile ผสมอยู่ จึงทำให้ถุงมือไนไตรทนสารเคมีได้ดีกว่า สารเคมีที่ว่า มีทั้งสารพิษ กรด เบส ไขมันสัตว์ น้ำมันต่างๆ ตลอดจนสารไฮโดรคาร์บอนต่างๆ</p><p>การใช้งาน : </p><p>* อุตสาหกรรมอาหาร เครื่องดื่ม เพราะต้องสัมผัสน้ำมันพืช และไขมันต่างๆ</p><p>* อุตสาหกรรมอิเล็กทรอนิกส์ เพราะต้องสัมผัสสารเคมี จำนวนมาก</p><p>* อุตสาหกรรมห้องเย็น อาหารทะเล เพราะต้องมีการเก็บอาหารไว้ที่อุณหภูมิต่ำ</p><p>* อุตสาหกรรมเกษตร เพราะต้องสัมผัสสารพิษจำพวกยาฆ่าแมลง</p><p>* อุตสาหกรรมยา เพราะต้องสัมผัสสารพิษต่างๆ</p><p>* โรงฆ่าสัตว์ และ ชำแหละเนื้อสัตว์เพราะต้องสัมผัสน้ำมันจากสัตว์ และ ต้องมีการเก็บอาหารไว้ที่อุณหภูมิต่ำ</p><p>* คลินิก หมอฟัน พยาบาล เพราะต้องสัมผัส เลือด น้ำเหลืองต่างๆ</p><p>* ห้องแลปต่าง เพราะต้องสัมผัสสารเคมี จำนวนมาก</p><p>* ห้องคลีนรูปต่างๆ</p><p>* สถานที่ สัก tattoo</p><p>สินค้ารวม VAT 7%</p>																																																																																																												', '19.jpg', '2021-01-14', '2021-03-17', 1, '0'),
(7, 'ถุงมือยางไนไตรไม่มีแป้ง 5.0 g', '17', 'xs', 's', 'm', 'l', 'xl', 430, '																																																												<p>คุณสมบัติ : </p><p>* ทำจากยางไนไตรบิวทาไดอีน มี acrylonitrile ผสมอยู่ จึงทำให้ถุงมือไนไตรทนสารเคมีได้ดีกว่า สารเคมีที่ว่า มีทั้งสารพิษ กรด เบส ไขมันสัตว์ น้ำมันต่างๆ ตลอดจนสารไฮโดรคาร์บอนต่างๆ</p><p>การใช้งาน : </p><p>* อุตสาหกรรมอาหาร เครื่องดื่ม เพราะต้องสัมผัสน้ำมันพืช และไขมันต่างๆ</p><p>* อุตสาหกรรมอิเล็กทรอนิกส์ เพราะต้องสัมผัสสารเคมี จำนวนมาก</p><p>* อุตสาหกรรมห้องเย็น อาหารทะเล เพราะต้องมีการเก็บอาหารไว้ที่อุณหภูมิต่ำ</p><p>* อุตสาหกรรมเกษตร เพราะต้องสัมผัสสารพิษจำพวกยาฆ่าแมลง</p><p>* อุตสาหกรรมยา เพราะต้องสัมผัสสารพิษต่างๆ</p><p>* โรงฆ่าสัตว์ และ ชำแหละเนื้อสัตว์เพราะต้องสัมผัสน้ำมันจากสัตว์ และ ต้องมีการเก็บอาหารไว้ที่อุณหภูมิต่ำ</p><p>* คลินิก หมอฟัน พยาบาล เพราะต้องสัมผัส เลือด น้ำเหลืองต่างๆ</p><p>* ห้องแลปต่าง เพราะต้องสัมผัสสารเคมี จำนวนมาก</p><p>* ห้องคลีนรูปต่างๆ</p><p>* สถานที่ สัก tattoo</p><p>สินค้ายังไม่รวม VAT 7%</p>																																																						', '01.jpg', '2021-01-14', '2021-02-05', 0, '1'),
(8, 'ถุงมือยางไนไตรไม่มีแป้ง 6.0 g ข้อยาว', '11', '', 's', 'm', 'l', 'xl', 386, '																																																																																<p>คุณสมบัติ : </p><p>* ทำจากยางไนไตรบิวทาไดอีน มี acrylonitrile ผสมอยู่ จึงทำให้ถุงมือไนไตรทนสารเคมีได้ดีกว่า สารเคมีที่ว่า มีทั้งสารพิษ กรด เบส ไขมันสัตว์ น้ำมันต่างๆ ตลอดจนสารไฮโดรคาร์บอนต่างๆ</p><p><span style=\"font-size: 1rem;\">การใช้งาน : </span><br></p><p>* อุตสาหกรรมอาหาร เครื่องดื่ม เพราะต้องสัมผัสน้ำมันพืช และไขมันต่างๆ</p><p>* อุตสาหกรรมอิเล็กทรอนิกส์ เพราะต้องสัมผัสสารเคมี จำนวนมาก</p><p>* อุตสาหกรรมห้องเย็น อาหารทะเล เพราะต้องมีการเก็บอาหารไว้ที่อุณหภูมิต่ำ</p><p>* อุตสาหกรรมเกษตร เพราะต้องสัมผัสสารพิษจำพวกยาฆ่าแมลง</p><p>* อุตสาหกรรมยา เพราะต้องสัมผัสสารพิษต่างๆ</p><p>* โรงฆ่าสัตว์ และ ชำแหละเนื้อสัตว์เพราะต้องสัมผัสน้ำมันจากสัตว์ และ ต้องมีการเก็บอาหารไว้ที่อุณหภูมิต่ำ</p><p>* คลินิก หมอฟัน พยาบาล เพราะต้องสัมผัส เลือด น้ำเหลืองต่างๆ</p><p>* ห้องแลปต่าง เพราะต้องสัมผัสสารเคมี จำนวนมาก</p><p>* ห้องคลีนรูปต่างๆ</p><p>* สถานที่ สัก tattoo</p><p>สินค้ารวม VAT 7%</p>																																																																								', '16.jpg', '2021-01-14', '2021-02-15', 1, '0'),
(9, 'ถุงมือยางไนไตรไม่มีแป้ง 4.0 g', '13', '', 's', 'm', 'l', '', 354, '																																																																																<p>คุณสมบัติ : </p><p>* ทำจากยางไนไตรบิวทาไดอีน มี acrylonitrile ผสมอยู่ จึงทำให้ถุงมือไนไตรทนสารเคมีได้ดีกว่า สารเคมีที่ว่า มีทั้งสารพิษ กรด เบส ไขมันสัตว์ น้ำมันต่างๆ ตลอดจนสารไฮโดรคาร์บอนต่างๆ</p><p><span style=\"font-size: 1rem;\">การใช้งาน : </span><br></p><p>* อุตสาหกรรมอาหาร เครื่องดื่ม เพราะต้องสัมผัสน้ำมันพืช และไขมันต่างๆ</p><p>* อุตสาหกรรมอิเล็กทรอนิกส์ เพราะต้องสัมผัสสารเคมี จำนวนมาก</p><p>* อุตสาหกรรมห้องเย็น อาหารทะเล เพราะต้องมีการเก็บอาหารไว้ที่อุณหภูมิต่ำ</p><p>* อุตสาหกรรมเกษตร เพราะต้องสัมผัสสารพิษจำพวกยาฆ่าแมลง</p><p>* อุตสาหกรรมยา เพราะต้องสัมผัสสารพิษต่างๆ</p><p>* โรงฆ่าสัตว์ และ ชำแหละเนื้อสัตว์เพราะต้องสัมผัสน้ำมันจากสัตว์ และ ต้องมีการเก็บอาหารไว้ที่อุณหภูมิต่ำ</p><p>* คลินิก หมอฟัน พยาบาล เพราะต้องสัมผัส เลือด น้ำเหลืองต่างๆ</p><p>* ห้องแลปต่าง เพราะต้องสัมผัสสารเคมี จำนวนมาก</p><p>* ห้องคลีนรูปต่างๆ</p><p>* สถานที่ สัก tattoo</p><p>สินค้ารวม VAT 7%</p>																																																																								', '10.jpg', '2021-01-14', '2021-02-15', 1, '0'),
(10, 'ถุงมือยางไนไตรไม่มีแป้ง 5.0 g', '18', '', 's', 'm', 'l', '', 354, '																																																																						<p>คุณสมบัติ : ทำจากยางไนไตรบิวทาไดอีน มี acrylonitrile ผสมอยู่ จึงทำให้ถุงมือไนไตรทนสารเคมีได้ดีกว่า สารเคมีที่ว่า มีทั้งสารพิษ กรด เบส ไขมันสัตว์ น้ำมันต่างๆ ตลอดจนสารไฮโดรคาร์บอนต่างๆ</p><p>การใช้งาน : อุตสาหกรรมอาหาร เครื่องดื่ม เพราะต้องสัมผัสน้ำมันพืช และไขมันต่างๆ</p><p> • อุตสาหกรรมยานยนต์ เพราะต้องสัมผัสน้ำมันต่างๆ</p><p> • อุตสาหกรรมเครื่องจักร โรงกลึง โรงเหล็ก</p><p> • อุตสาหกรรมอิเล็กทรอนิกส์ เพราะต้องสัมผัสสารเคมี จำนวนมาก</p><p> • อุตสาหกรรมห้องเย็น อาหารทะเล เพราะต้องมีการเก็บอาหารไว้ที่อุณหภูมิต่ำ</p><p> • อุตสาหกรรมเกษตร เพราะต้องสัมผัสสารพิษจำพวกยาฆ่าแมลง</p><p> • อุตสาหกรรมยา เพราะต้องสัมผัสสารพิษต่างๆ</p><p> • โรงฆ่าสัตว์ และ ชำแหละเนื้อสัตว์เพราะต้องสัมผัสน้ำมันจากสัตว์ และ ต้องมีการเก็บอาหารไว้ที่อุณหภูมิต่ำ</p><p> • คลินิก หมอฟัน พยาบาล เพราะต้องสัมผัส เลือด น้ำเหลืองต่างๆ</p><p> • ห้องแลปต่าง เพราะต้องสัมผัสสารเคมี จำนวนมาก</p><p> • ห้องคลีนรูปต่างๆ</p><p> • สถานที่ สัก tattoo</p><p>สินค้ายังไม่รวม VAT 7%</p>																																																															', '04.jpg', '2021-01-14', '2021-02-15', 1, '0'),
(11, 'ถุงมือยางไนไตรไม่มีแป้ง 5.0 g', '14', '', 's', 'm', 'l', 'xl', 364, '																																																		<p>คุณสมบัติ : ทำจากยางไนไตรบิวทาไดอีน มี acrylonitrile ผสมอยู่ จึงทำให้ถุงมือไนไตรทนสารเคมีได้ดีกว่า สารเคมีที่ว่า มีทั้งสารพิษ กรด เบส ไขมันสัตว์ น้ำมันต่างๆ ตลอดจนสารไฮโดรคาร์บอนต่างๆ</p><p>การใช้งาน : อุตสาหกรรมอาหาร เครื่องดื่ม เพราะต้องสัมผัสน้ำมันพืช และไขมันต่างๆ</p><p> • อุตสาหกรรมยานยนต์ เพราะต้องสัมผัสน้ำมันต่างๆ</p><p> • อุตสาหกรรมเครื่องจักร โรงกลึง โรงเหล็ก</p><p> • อุตสาหกรรมอิเล็กทรอนิกส์ เพราะต้องสัมผัสสารเคมี จำนวนมาก</p><p> • อุตสาหกรรมห้องเย็น อาหารทะเล เพราะต้องมีการเก็บอาหารไว้ที่อุณหภูมิต่ำ</p><p> • อุตสาหกรรมเกษตร เพราะต้องสัมผัสสารพิษจำพวกยาฆ่าแมลง</p><p> • อุตสาหกรรมยา เพราะต้องสัมผัสสารพิษต่างๆ</p><p> • โรงฆ่าสัตว์ และ ชำแหละเนื้อสัตว์เพราะต้องสัมผัสน้ำมันจากสัตว์ และ ต้องมีการเก็บอาหารไว้ที่อุณหภูมิต่ำ</p><p> • คลินิก หมอฟัน พยาบาล เพราะต้องสัมผัส เลือด น้ำเหลืองต่างๆ</p><p> • ห้องแลปต่าง เพราะต้องสัมผัสสารเคมี จำนวนมาก</p><p> • ห้องคลีนรูปต่างๆ</p><p> • สถานที่ สัก tattoo</p><p>สินค้ายังไม่รวม VAT 7%</p>																																													', '07.jpg', '2021-01-14', '2021-02-15', 1, '0'),
(12, 'ถุงมือยางไนไตรไม่มีแป้ง 3.5 g', '15', 'xs', 's', '', '', '', 332, '																																																																						<p>คุณสมบัติ : ทำจากยางไนไตรบิวทาไดอีน มี acrylonitrile ผสมอยู่ จึงทำให้ถุงมือไนไตรทนสารเคมีได้ดีกว่า สารเคมีที่ว่า มีทั้งสารพิษ กรด เบส ไขมันสัตว์ น้ำมันต่างๆ ตลอดจนสารไฮโดรคาร์บอนต่างๆ</p><p>การใช้งาน : อุตสาหกรรมอาหาร เครื่องดื่ม เพราะต้องสัมผัสน้ำมันพืช และไขมันต่างๆ</p><p> • อุตสาหกรรมยานยนต์ เพราะต้องสัมผัสน้ำมันต่างๆ</p><p> • อุตสาหกรรมเครื่องจักร โรงกลึง โรงเหล็ก</p><p> • อุตสาหกรรมอิเล็กทรอนิกส์ เพราะต้องสัมผัสสารเคมี จำนวนมาก</p><p> • อุตสาหกรรมห้องเย็น อาหารทะเล เพราะต้องมีการเก็บอาหารไว้ที่อุณหภูมิต่ำ</p><p> • อุตสาหกรรมเกษตร เพราะต้องสัมผัสสารพิษจำพวกยาฆ่าแมลง</p><p> • อุตสาหกรรมยา เพราะต้องสัมผัสสารพิษต่างๆ</p><p> • โรงฆ่าสัตว์ และ ชำแหละเนื้อสัตว์เพราะต้องสัมผัสน้ำมันจากสัตว์ และ ต้องมีการเก็บอาหารไว้ที่อุณหภูมิต่ำ</p><p> • คลินิก หมอฟัน พยาบาล เพราะต้องสัมผัส เลือด น้ำเหลืองต่างๆ</p><p> • ห้องแลปต่าง เพราะต้องสัมผัสสารเคมี จำนวนมาก</p><p> • ห้องคลีนรูปต่างๆ</p><p> • สถานที่ สัก tattoo</p><p>สินค้ารวม VAT 7%</p>																																																															', '13.jpg', '2021-01-14', '2021-02-15', 1, '0'),
(13, 'ถุงมือยางไนไตรไม่มีแป้ง 5.0 g', '16', 'xs', 's', 'm', 'l', '', 375, '																																																												<p>คุณสมบัติ : ทำจากยางไนไตรบิวทาไดอีน มี acrylonitrile ผสมอยู่ จึงทำให้ถุงมือไนไตรทนสารเคมีได้ดีกว่า สารเคมีที่ว่า มีทั้งสารพิษ กรด เบส ไขมันสัตว์ น้ำมันต่างๆ ตลอดจนสารไฮโดรคาร์บอนต่างๆ</p><p>การใช้งาน : อุตสาหกรรมอาหาร เครื่องดื่ม เพราะต้องสัมผัสน้ำมันพืช และไขมันต่างๆ</p><p> • อุตสาหกรรมยานยนต์ เพราะต้องสัมผัสน้ำมันต่างๆ</p><p> • อุตสาหกรรมเครื่องจักร โรงกลึง โรงเหล็ก</p><p> • อุตสาหกรรมอิเล็กทรอนิกส์ เพราะต้องสัมผัสสารเคมี จำนวนมาก</p><p> • อุตสาหกรรมห้องเย็น อาหารทะเล เพราะต้องมีการเก็บอาหารไว้ที่อุณหภูมิต่ำ</p><p> • อุตสาหกรรมเกษตร เพราะต้องสัมผัสสารพิษจำพวกยาฆ่าแมลง</p><p> • อุตสาหกรรมยา เพราะต้องสัมผัสสารพิษต่างๆ</p><p> • โรงฆ่าสัตว์ และ ชำแหละเนื้อสัตว์เพราะต้องสัมผัสน้ำมันจากสัตว์ และ ต้องมีการเก็บอาหารไว้ที่อุณหภูมิต่ำ</p><p> • คลินิก หมอฟัน พยาบาล เพราะต้องสัมผัส เลือด น้ำเหลืองต่างๆ</p><p> • ห้องแลปต่าง เพราะต้องสัมผัสสารเคมี จำนวนมาก</p><p> • ห้องคลีนรูปต่างๆ</p><p> • สถานที่ สัก tattoo</p><p>สินค้ารวม VAT 7%</p>																																																						', '25.jpg', '2021-01-14', '2021-02-15', 1, '0'),
(17, 'ถุงมือ', '19', NULL, NULL, NULL, NULL, NULL, 45, '', '02.jpg', '2021-01-22', NULL, 0, '0'),
(18, 'ถุงมือแพทย์แบบไม่มีแป้ง 5.0 g', '4', NULL, NULL, NULL, NULL, NULL, 35, '																			', '01.jpg', '2021-01-22', '2021-01-22', 0, '0'),
(19, 'ถุงมือแพทย์แบบไม่มีแป้ง 5.4 g', '4', NULL, NULL, NULL, NULL, NULL, 35, '																			', '01.jpg', '2021-01-22', '2021-01-22', 0, '0'),
(20, 'ถุงมือแพทย์แบบไม่มีแป้ง 5.0 g', '4', NULL, NULL, NULL, NULL, NULL, 35, '																			', '01.jpg', '2021-01-22', '2021-01-22', 0, '0'),
(21, 'ถุงมือแพทย์แบบไม่มีแป้ง 5.4 g', '4', NULL, NULL, NULL, NULL, NULL, 35, '																			', '01.jpg', '2021-01-22', '2021-01-22', 0, '0'),
(22, 'ถุงมือแพทย์แบบไม่มีแป้ง 5.0 g', '4', NULL, NULL, NULL, NULL, NULL, 35, '																			', '01.jpg', '2021-01-22', '2021-01-22', 0, '0'),
(23, 'ถุงมือแพทย์แบบไม่มีแป้ง 5.4 g', '4', NULL, NULL, NULL, NULL, NULL, 35, '																			', '01.jpg', '2021-01-22', '2021-01-22', 0, '0'),
(24, 'ถุงมือแพทย์แบบไม่มีแป้ง 5.3 g', '4', NULL, NULL, NULL, NULL, NULL, 35, '																																						', '01.jpg', '2021-01-22', '2021-01-22', 0, '0'),
(25, 'ถุงมือยางไนไตรไม่มีแป้ง 5.5 g ข้อยาว', '9', 'xs', 's', 'm', 'l', 'xl', 400, '																																								<p>คุณสมบัติ :&nbsp;</p><p>* ทำจากยางไนไตรบิวทาไดอีน มี acrylonitrile ผสมอยู่ จึงทำให้ถุงมือไนไตรทนสารเคมีได้ดีกว่า สารเคมีที่ว่า มีทั้งสารพิษ กรด เบส ไขมันสัตว์ น้ำมันต่างๆ ตลอดจนสารไฮโดรคาร์บอนต่างๆ</p><p>การใช้งาน :&nbsp;</p><p>* อุตสาหกรรมอาหาร เครื่องดื่ม เพราะต้องสัมผัสน้ำมันพืช และไขมันต่างๆ</p><p>* อุตสาหกรรมอิเล็กทรอนิกส์ เพราะต้องสัมผัสสารเคมี จำนวนมาก</p><p>* อุตสาหกรรมห้องเย็น อาหารทะเล เพราะต้องมีการเก็บอาหารไว้ที่อุณหภูมิต่ำ</p><p>* อุตสาหกรรมเกษตร เพราะต้องสัมผัสสารพิษจำพวกยาฆ่าแมลง</p><p>* อุตสาหกรรมยา เพราะต้องสัมผัสสารพิษต่างๆ</p><p>* โรงฆ่าสัตว์ และ ชำแหละเนื้อสัตว์เพราะต้องสัมผัสน้ำมันจากสัตว์ และ ต้องมีการเก็บอาหารไว้ที่อุณหภูมิต่ำ</p><p>* คลินิก หมอฟัน พยาบาล เพราะต้องสัมผัส เลือด น้ำเหลืองต่างๆ</p><p>* ห้องแลปต่าง เพราะต้องสัมผัสสารเคมี จำนวนมาก</p><p>* ห้องคลีนรูปต่างๆ</p><p>* สถานที่ สัก tattoo</p><p>สินค้ารวม VAT 7%</p>																																				', '19.jpg', '2021-01-22', '2021-02-15', 0, '0'),
(26, 'ถุงมือยางไนไตรไม่มีแป้ง 4.5 g ข้อยาว', '9', 'xs', 's', 'm', 'l', 'xl', 45, '																				<p>คุณสมบัติ : </p><p>* ทำจากยางไนไตรบิวทาไดอีน มี acrylonitrile ผสมอยู่ จึงทำให้ถุงมือไนไตรทนสารเคมีได้ดีกว่า สารเคมีที่ว่า มีทั้งสารพิษ กรด เบส ไขมันสัตว์ น้ำมันต่างๆ ตลอดจนสารไฮโดรคาร์บอนต่างๆ</p><p>การใช้งาน : </p><p>* อุตสาหกรรมอาหาร เครื่องดื่ม เพราะต้องสัมผัสน้ำมันพืช และไขมันต่างๆ</p><p>* อุตสาหกรรมอิเล็กทรอนิกส์ เพราะต้องสัมผัสสารเคมี จำนวนมาก</p><p>* อุตสาหกรรมห้องเย็น อาหารทะเล เพราะต้องมีการเก็บอาหารไว้ที่อุณหภูมิต่ำ</p><p>* อุตสาหกรรมเกษตร เพราะต้องสัมผัสสารพิษจำพวกยาฆ่าแมลง</p><p>* อุตสาหกรรมยา เพราะต้องสัมผัสสารพิษต่างๆ</p><p>* โรงฆ่าสัตว์ และ ชำแหละเนื้อสัตว์เพราะต้องสัมผัสน้ำมันจากสัตว์ และ ต้องมีการเก็บอาหารไว้ที่อุณหภูมิต่ำ</p><p>* คลินิก หมอฟัน พยาบาล เพราะต้องสัมผัส เลือด น้ำเหลืองต่างๆ</p><p>* ห้องแลปต่าง เพราะต้องสัมผัสสารเคมี จำนวนมาก</p><p>* ห้องคลีนรูปต่างๆ</p><p>* สถานที่ สัก tattoo</p><p>สินค้ายังไม่รวม VAT 7%</p>																		', '19.jpg', '2021-01-22', '2021-02-01', 0, '0'),
(27, 'ถุงมือยางไนไตรไม่มีแป้ง 3.5 g ข้อยาว', '9', 'xs', 's', 'm', 'l', 'xl', 45, '										<p>คุณสมบัติ : </p><p>* ทำจากยางไนไตรบิวทาไดอีน มี acrylonitrile ผสมอยู่ จึงทำให้ถุงมือไนไตรทนสารเคมีได้ดีกว่า สารเคมีที่ว่า มีทั้งสารพิษ กรด เบส ไขมันสัตว์ น้ำมันต่างๆ ตลอดจนสารไฮโดรคาร์บอนต่างๆ</p><p>การใช้งาน : </p><p>* อุตสาหกรรมอาหาร เครื่องดื่ม เพราะต้องสัมผัสน้ำมันพืช และไขมันต่างๆ</p><p>* อุตสาหกรรมอิเล็กทรอนิกส์ เพราะต้องสัมผัสสารเคมี จำนวนมาก</p><p>* อุตสาหกรรมห้องเย็น อาหารทะเล เพราะต้องมีการเก็บอาหารไว้ที่อุณหภูมิต่ำ</p><p>* อุตสาหกรรมเกษตร เพราะต้องสัมผัสสารพิษจำพวกยาฆ่าแมลง</p><p>* อุตสาหกรรมยา เพราะต้องสัมผัสสารพิษต่างๆ</p><p>* โรงฆ่าสัตว์ และ ชำแหละเนื้อสัตว์เพราะต้องสัมผัสน้ำมันจากสัตว์ และ ต้องมีการเก็บอาหารไว้ที่อุณหภูมิต่ำ</p><p>* คลินิก หมอฟัน พยาบาล เพราะต้องสัมผัส เลือด น้ำเหลืองต่างๆ</p><p>* ห้องแลปต่าง เพราะต้องสัมผัสสารเคมี จำนวนมาก</p><p>* ห้องคลีนรูปต่างๆ</p><p>* สถานที่ สัก tattoo</p><p>สินค้ายังไม่รวม VAT 7%</p>									', '21.jpg', '2021-01-22', '2021-02-01', 0, '0'),
(28, 'ถุงมือยางไนไตรไม่มีแป้ง 5.0 g', '8', 'xs', 's', 'm', 'l', 'xl', 350, '																														<p>คุณสมบัติ : </p><p>* ทำจากยางไนไตรบิวทาไดอีน มี acrylonitrile ผสมอยู่ จึงทำให้ถุงมือไนไตรทนสารเคมีได้ดีกว่า สารเคมีที่ว่า มีทั้งสารพิษ กรด เบส ไขมันสัตว์ น้ำมันต่างๆ ตลอดจนสารไฮโดรคาร์บอนต่างๆ</p><p>การใช้งาน : </p><p>* อุตสาหกรรมอาหาร เครื่องดื่ม เพราะต้องสัมผัสน้ำมันพืช และไขมันต่างๆ</p><p>* อุตสาหกรรมอิเล็กทรอนิกส์ เพราะต้องสัมผัสสารเคมี จำนวนมาก</p><p>* อุตสาหกรรมห้องเย็น อาหารทะเล เพราะต้องมีการเก็บอาหารไว้ที่อุณหภูมิต่ำ</p><p>* อุตสาหกรรมเกษตร เพราะต้องสัมผัสสารพิษจำพวกยาฆ่าแมลง</p><p>* อุตสาหกรรมยา เพราะต้องสัมผัสสารพิษต่างๆ</p><p>* โรงฆ่าสัตว์ และ ชำแหละเนื้อสัตว์เพราะต้องสัมผัสน้ำมันจากสัตว์ และ ต้องมีการเก็บอาหารไว้ที่อุณหภูมิต่ำ</p><p>* คลินิก หมอฟัน พยาบาล เพราะต้องสัมผัส เลือด น้ำเหลืองต่างๆ</p><p>* ห้องแลปต่าง เพราะต้องสัมผัสสารเคมี จำนวนมาก</p><p>* ห้องคลีนรูปต่างๆ</p><p>* สถานที่ สัก tattoo</p><p>สินค้ายังไม่รวม VAT 7%</p>																											', '22.jpg', '2021-01-22', '2021-02-15', 0, '0'),
(29, 'ถุงมือยางไนไตรไม่มีแป้ง 4.5 g', '8', 'xs', 's', 'm', 'l', 'xl', 350, '																				<p>คุณสมบัติ : </p><p>* ทำจากยางไนไตรบิวทาไดอีน มี acrylonitrile ผสมอยู่ จึงทำให้ถุงมือไนไตรทนสารเคมีได้ดีกว่า สารเคมีที่ว่า มีทั้งสารพิษ กรด เบส ไขมันสัตว์ น้ำมันต่างๆ ตลอดจนสารไฮโดรคาร์บอนต่างๆ</p><p>การใช้งาน : </p><p>* อุตสาหกรรมอาหาร เครื่องดื่ม เพราะต้องสัมผัสน้ำมันพืช และไขมันต่างๆ</p><p>* อุตสาหกรรมอิเล็กทรอนิกส์ เพราะต้องสัมผัสสารเคมี จำนวนมาก</p><p>* อุตสาหกรรมห้องเย็น อาหารทะเล เพราะต้องมีการเก็บอาหารไว้ที่อุณหภูมิต่ำ</p><p>* อุตสาหกรรมเกษตร เพราะต้องสัมผัสสารพิษจำพวกยาฆ่าแมลง</p><p>* อุตสาหกรรมยา เพราะต้องสัมผัสสารพิษต่างๆ</p><p>* โรงฆ่าสัตว์ และ ชำแหละเนื้อสัตว์เพราะต้องสัมผัสน้ำมันจากสัตว์ และ ต้องมีการเก็บอาหารไว้ที่อุณหภูมิต่ำ</p><p>* คลินิก หมอฟัน พยาบาล เพราะต้องสัมผัส เลือด น้ำเหลืองต่างๆ</p><p>* ห้องแลปต่าง เพราะต้องสัมผัสสารเคมี จำนวนมาก</p><p>* ห้องคลีนรูปต่างๆ</p><p>* สถานที่ สัก tattoo</p><p>สินค้ายังไม่รวม VAT 7%</p>																		', '23.jpg', '2021-01-22', '2021-02-15', 0, '0'),
(30, 'ถุงมือยางไนไตรไม่มีแป้ง 3.5 g', '17', 'xs', 's', 'm', 'l', '', 332, '																																								<p>คุณสมบัติ : </p><p>* ทำจากยางไนไตรบิวทาไดอีน มี acrylonitrile ผสมอยู่ จึงทำให้ถุงมือไนไตรทนสารเคมีได้ดีกว่า สารเคมีที่ว่า มีทั้งสารพิษ กรด เบส ไขมันสัตว์ น้ำมันต่างๆ ตลอดจนสารไฮโดรคาร์บอนต่างๆ</p><p>การใช้งาน : </p><p>* อุตสาหกรรมอาหาร เครื่องดื่ม เพราะต้องสัมผัสน้ำมันพืช และไขมันต่างๆ</p><p>* อุตสาหกรรมอิเล็กทรอนิกส์ เพราะต้องสัมผัสสารเคมี จำนวนมาก</p><p>* อุตสาหกรรมห้องเย็น อาหารทะเล เพราะต้องมีการเก็บอาหารไว้ที่อุณหภูมิต่ำ</p><p>* อุตสาหกรรมเกษตร เพราะต้องสัมผัสสารพิษจำพวกยาฆ่าแมลง</p><p>* อุตสาหกรรมยา เพราะต้องสัมผัสสารพิษต่างๆ</p><p>* โรงฆ่าสัตว์ และ ชำแหละเนื้อสัตว์เพราะต้องสัมผัสน้ำมันจากสัตว์ และ ต้องมีการเก็บอาหารไว้ที่อุณหภูมิต่ำ</p><p>* คลินิก หมอฟัน พยาบาล เพราะต้องสัมผัส เลือด น้ำเหลืองต่างๆ</p><p>* ห้องแลปต่าง เพราะต้องสัมผัสสารเคมี จำนวนมาก</p><p>* ห้องคลีนรูปต่างๆ</p><p>* สถานที่ สัก tattoo</p><p>สินค้ารวม VAT 7%</p>																																				', '24.jpg', '2021-01-22', '2021-02-15', 1, '0'),
(31, 'ถุงมือยางไนไตรไม่มีแป้ง 5.0 g', '10', '', 's', 'm', 'l', '', 461, '																																																		<p>คุณสมบัติ : </p><p>* ทำจากยางไนไตรบิวทาไดอีน มี acrylonitrile ผสมอยู่ จึงทำให้ถุงมือไนไตรทนสารเคมีได้ดีกว่า สารเคมีที่ว่า มีทั้งสารพิษ กรด เบส ไขมันสัตว์ น้ำมันต่างๆ ตลอดจนสารไฮโดรคาร์บอนต่างๆ</p><p>การใช้งาน : </p><p>* อุตสาหกรรมอาหาร เครื่องดื่ม เพราะต้องสัมผัสน้ำมันพืช และไขมันต่างๆ</p><p>* อุตสาหกรรมอิเล็กทรอนิกส์ เพราะต้องสัมผัสสารเคมี จำนวนมาก</p><p>* อุตสาหกรรมห้องเย็น อาหารทะเล เพราะต้องมีการเก็บอาหารไว้ที่อุณหภูมิต่ำ</p><p>* อุตสาหกรรมเกษตร เพราะต้องสัมผัสสารพิษจำพวกยาฆ่าแมลง</p><p>* อุตสาหกรรมยา เพราะต้องสัมผัสสารพิษต่างๆ</p><p>* โรงฆ่าสัตว์ และ ชำแหละเนื้อสัตว์เพราะต้องสัมผัสน้ำมันจากสัตว์ และ ต้องมีการเก็บอาหารไว้ที่อุณหภูมิต่ำ</p><p>* คลินิก หมอฟัน พยาบาล เพราะต้องสัมผัส เลือด น้ำเหลืองต่างๆ</p><p>* ห้องแลปต่าง เพราะต้องสัมผัสสารเคมี จำนวนมาก</p><p>* ห้องคลีนรูปต่างๆ</p><p>* สถานที่ สัก tattoo</p><p>ราคาสินค้ารวม VAT 7%</p>																																													', '02.jpg', '2021-01-22', '2021-02-15', 1, '0'),
(32, 'ถุงมือยางไนไตรไม่มีแป้ง 4.5 g', '10', 'xs', 's', 'm', 'l', 'xl', 460, '																				<p>คุณสมบัติ :&nbsp;</p><p>* ทำจากยางไนไตรบิวทาไดอีน มี acrylonitrile ผสมอยู่ จึงทำให้ถุงมือไนไตรทนสารเคมีได้ดีกว่า สารเคมีที่ว่า มีทั้งสารพิษ กรด เบส ไขมันสัตว์ น้ำมันต่างๆ ตลอดจนสารไฮโดรคาร์บอนต่างๆ</p><p>การใช้งาน :&nbsp;</p><p>* อุตสาหกรรมอาหาร เครื่องดื่ม เพราะต้องสัมผัสน้ำมันพืช และไขมันต่างๆ</p><p>* อุตสาหกรรมอิเล็กทรอนิกส์ เพราะต้องสัมผัสสารเคมี จำนวนมาก</p><p>* อุตสาหกรรมห้องเย็น อาหารทะเล เพราะต้องมีการเก็บอาหารไว้ที่อุณหภูมิต่ำ</p><p>* อุตสาหกรรมเกษตร เพราะต้องสัมผัสสารพิษจำพวกยาฆ่าแมลง</p><p>* อุตสาหกรรมยา เพราะต้องสัมผัสสารพิษต่างๆ</p><p>* โรงฆ่าสัตว์ และ ชำแหละเนื้อสัตว์เพราะต้องสัมผัสน้ำมันจากสัตว์ และ ต้องมีการเก็บอาหารไว้ที่อุณหภูมิต่ำ</p><p>* คลินิก หมอฟัน พยาบาล เพราะต้องสัมผัส เลือด น้ำเหลืองต่างๆ</p><p>* ห้องแลปต่าง เพราะต้องสัมผัสสารเคมี จำนวนมาก</p><p>* ห้องคลีนรูปต่างๆ</p><p>* สถานที่ สัก tattoo</p><p><br></p>																		', '01.jpg', '2021-01-22', '2021-02-15', 0, '0'),
(33, 'ถุงมือยางไนไตรไม่มีแป้ง 3.5-4.5 g', '10', '', 's', 'm', 'l', '', 445, '																																								<p>คุณสมบัติ : </p><p>* ทำจากยางไนไตรบิวทาไดอีน มี acrylonitrile ผสมอยู่ จึงทำให้ถุงมือไนไตรทนสารเคมีได้ดีกว่า สารเคมีที่ว่า มีทั้งสารพิษ กรด เบส ไขมันสัตว์ น้ำมันต่างๆ ตลอดจนสารไฮโดรคาร์บอนต่างๆ</p><p>การใช้งาน : </p><p>* อุตสาหกรรมอาหาร เครื่องดื่ม เพราะต้องสัมผัสน้ำมันพืช และไขมันต่างๆ</p><p>* อุตสาหกรรมอิเล็กทรอนิกส์ เพราะต้องสัมผัสสารเคมี จำนวนมาก</p><p>* อุตสาหกรรมห้องเย็น อาหารทะเล เพราะต้องมีการเก็บอาหารไว้ที่อุณหภูมิต่ำ</p><p>* อุตสาหกรรมเกษตร เพราะต้องสัมผัสสารพิษจำพวกยาฆ่าแมลง</p><p>* อุตสาหกรรมยา เพราะต้องสัมผัสสารพิษต่างๆ</p><p>* โรงฆ่าสัตว์ และ ชำแหละเนื้อสัตว์เพราะต้องสัมผัสน้ำมันจากสัตว์ และ ต้องมีการเก็บอาหารไว้ที่อุณหภูมิต่ำ</p><p>* คลินิก หมอฟัน พยาบาล เพราะต้องสัมผัส เลือด น้ำเหลืองต่างๆ</p><p>* ห้องแลปต่าง เพราะต้องสัมผัสสารเคมี จำนวนมาก</p><p>* ห้องคลีนรูปต่างๆ</p><p>* สถานที่ สัก tattoo</p><p>สินค้ารวม VAT 7%</p>																																				', '02.jpg', '2021-01-22', '2021-02-15', 1, '0'),
(34, 'ถุงมือยางไนไตรไม่มีแป้ง 5.0 g ข้อยาว', '11', 'xs', 's', 'm', 'l', 'xl', 45, '																				<p>คุณสมบัติ : </p><p>* ทำจากยางไนไตรบิวทาไดอีน มี acrylonitrile ผสมอยู่ จึงทำให้ถุงมือไนไตรทนสารเคมีได้ดีกว่า สารเคมีที่ว่า มีทั้งสารพิษ กรด เบส ไขมันสัตว์ น้ำมันต่างๆ ตลอดจนสารไฮโดรคาร์บอนต่างๆ</p><p><span style=\"font-size: 1rem;\">การใช้งาน : </span><br></p><p>* อุตสาหกรรมอาหาร เครื่องดื่ม เพราะต้องสัมผัสน้ำมันพืช และไขมันต่างๆ</p><p>* อุตสาหกรรมอิเล็กทรอนิกส์ เพราะต้องสัมผัสสารเคมี จำนวนมาก</p><p>* อุตสาหกรรมห้องเย็น อาหารทะเล เพราะต้องมีการเก็บอาหารไว้ที่อุณหภูมิต่ำ</p><p>* อุตสาหกรรมเกษตร เพราะต้องสัมผัสสารพิษจำพวกยาฆ่าแมลง</p><p>* อุตสาหกรรมยา เพราะต้องสัมผัสสารพิษต่างๆ</p><p>* โรงฆ่าสัตว์ และ ชำแหละเนื้อสัตว์เพราะต้องสัมผัสน้ำมันจากสัตว์ และ ต้องมีการเก็บอาหารไว้ที่อุณหภูมิต่ำ</p><p>* คลินิก หมอฟัน พยาบาล เพราะต้องสัมผัส เลือด น้ำเหลืองต่างๆ</p><p>* ห้องแลปต่าง เพราะต้องสัมผัสสารเคมี จำนวนมาก</p><p>* ห้องคลีนรูปต่างๆ</p><p>* สถานที่ สัก tattoo</p><p>สินค้ายังไม่รวม VAT 7%</p>																		', '17.jpg', '2021-01-22', '2021-02-01', 0, '0'),
(35, 'ถุงมือยางไนไตรไม่มีแป้ง 4.5 g ข้อยาว', '11', 'xs', 's', 'm', 'l', 'xl', 45, '										<p>คุณสมบัติ : </p><p>* ทำจากยางไนไตรบิวทาไดอีน มี acrylonitrile ผสมอยู่ จึงทำให้ถุงมือไนไตรทนสารเคมีได้ดีกว่า สารเคมีที่ว่า มีทั้งสารพิษ กรด เบส ไขมันสัตว์ น้ำมันต่างๆ ตลอดจนสารไฮโดรคาร์บอนต่างๆ</p><p><span style=\"font-size: 1rem;\">การใช้งาน : </span><br></p><p>* อุตสาหกรรมอาหาร เครื่องดื่ม เพราะต้องสัมผัสน้ำมันพืช และไขมันต่างๆ</p><p>* อุตสาหกรรมอิเล็กทรอนิกส์ เพราะต้องสัมผัสสารเคมี จำนวนมาก</p><p>* อุตสาหกรรมห้องเย็น อาหารทะเล เพราะต้องมีการเก็บอาหารไว้ที่อุณหภูมิต่ำ</p><p>* อุตสาหกรรมเกษตร เพราะต้องสัมผัสสารพิษจำพวกยาฆ่าแมลง</p><p>* อุตสาหกรรมยา เพราะต้องสัมผัสสารพิษต่างๆ</p><p>* โรงฆ่าสัตว์ และ ชำแหละเนื้อสัตว์เพราะต้องสัมผัสน้ำมันจากสัตว์ และ ต้องมีการเก็บอาหารไว้ที่อุณหภูมิต่ำ</p><p>* คลินิก หมอฟัน พยาบาล เพราะต้องสัมผัส เลือด น้ำเหลืองต่างๆ</p><p>* ห้องแลปต่าง เพราะต้องสัมผัสสารเคมี จำนวนมาก</p><p>* ห้องคลีนรูปต่างๆ</p><p>* สถานที่ สัก tattoo</p><p>สินค้ายังไม่รวม VAT 7%</p>									', '16.jpg', '2021-01-22', '2021-02-01', 0, '0'),
(36, 'ถุงมือยางไนไตรไม่มีแป้ง 3.5 g ข้อยาว', '11', 'xs', 's', 'm', 'l', 'xl', 45, '										<p>คุณสมบัติ : </p><p>* ทำจากยางไนไตรบิวทาไดอีน มี acrylonitrile ผสมอยู่ จึงทำให้ถุงมือไนไตรทนสารเคมีได้ดีกว่า สารเคมีที่ว่า มีทั้งสารพิษ กรด เบส ไขมันสัตว์ น้ำมันต่างๆ ตลอดจนสารไฮโดรคาร์บอนต่างๆ</p><p><span style=\"font-size: 1rem;\">การใช้งาน : </span><br></p><p>* อุตสาหกรรมอาหาร เครื่องดื่ม เพราะต้องสัมผัสน้ำมันพืช และไขมันต่างๆ</p><p>* อุตสาหกรรมอิเล็กทรอนิกส์ เพราะต้องสัมผัสสารเคมี จำนวนมาก</p><p>* อุตสาหกรรมห้องเย็น อาหารทะเล เพราะต้องมีการเก็บอาหารไว้ที่อุณหภูมิต่ำ</p><p>* อุตสาหกรรมเกษตร เพราะต้องสัมผัสสารพิษจำพวกยาฆ่าแมลง</p><p>* อุตสาหกรรมยา เพราะต้องสัมผัสสารพิษต่างๆ</p><p>* โรงฆ่าสัตว์ และ ชำแหละเนื้อสัตว์เพราะต้องสัมผัสน้ำมันจากสัตว์ และ ต้องมีการเก็บอาหารไว้ที่อุณหภูมิต่ำ</p><p>* คลินิก หมอฟัน พยาบาล เพราะต้องสัมผัส เลือด น้ำเหลืองต่างๆ</p><p>* ห้องแลปต่าง เพราะต้องสัมผัสสารเคมี จำนวนมาก</p><p>* ห้องคลีนรูปต่างๆ</p><p>* สถานที่ สัก tattoo</p><p>สินค้ายังไม่รวม VAT 7%</p>									', '16.jpg', '2021-01-22', '2021-02-01', 0, '0'),
(37, 'ถุงมือยางไนไตรไม่มีแป้ง 5.0 g', '13', 'xs', 's', 'm', 'l', 'xl', 45, '										<p>คุณสมบัติ : </p><p>* ทำจากยางไนไตรบิวทาไดอีน มี acrylonitrile ผสมอยู่ จึงทำให้ถุงมือไนไตรทนสารเคมีได้ดีกว่า สารเคมีที่ว่า มีทั้งสารพิษ กรด เบส ไขมันสัตว์ น้ำมันต่างๆ ตลอดจนสารไฮโดรคาร์บอนต่างๆ</p><p><span style=\"font-size: 1rem;\">การใช้งาน : </span><br></p><p>* อุตสาหกรรมอาหาร เครื่องดื่ม เพราะต้องสัมผัสน้ำมันพืช และไขมันต่างๆ</p><p>* อุตสาหกรรมอิเล็กทรอนิกส์ เพราะต้องสัมผัสสารเคมี จำนวนมาก</p><p>* อุตสาหกรรมห้องเย็น อาหารทะเล เพราะต้องมีการเก็บอาหารไว้ที่อุณหภูมิต่ำ</p><p>* อุตสาหกรรมเกษตร เพราะต้องสัมผัสสารพิษจำพวกยาฆ่าแมลง</p><p>* อุตสาหกรรมยา เพราะต้องสัมผัสสารพิษต่างๆ</p><p>* โรงฆ่าสัตว์ และ ชำแหละเนื้อสัตว์เพราะต้องสัมผัสน้ำมันจากสัตว์ และ ต้องมีการเก็บอาหารไว้ที่อุณหภูมิต่ำ</p><p>* คลินิก หมอฟัน พยาบาล เพราะต้องสัมผัส เลือด น้ำเหลืองต่างๆ</p><p>* ห้องแลปต่าง เพราะต้องสัมผัสสารเคมี จำนวนมาก</p><p>* ห้องคลีนรูปต่างๆ</p><p>* สถานที่ สัก tattoo</p><p>สินค้ายังไม่รวม VAT 7%</p>									', '11.jpg', '2021-01-22', '2021-02-01', 0, '0'),
(38, 'ถุงมือยางไนไตรไม่มีแป้ง 4.5 g', '13', '', 'S', 'M', 'L', '', 354, '																				<p>คุณสมบัติ : </p><p>* ทำจากยางไนไตรบิวทาไดอีน มี acrylonitrile ผสมอยู่ จึงทำให้ถุงมือไนไตรทนสารเคมีได้ดีกว่า สารเคมีที่ว่า มีทั้งสารพิษ กรด เบส ไขมันสัตว์ น้ำมันต่างๆ ตลอดจนสารไฮโดรคาร์บอนต่างๆ</p><p><span style=\"font-size: 1rem;\">การใช้งาน : </span><br></p><p>* อุตสาหกรรมอาหาร เครื่องดื่ม เพราะต้องสัมผัสน้ำมันพืช และไขมันต่างๆ</p><p>* อุตสาหกรรมอิเล็กทรอนิกส์ เพราะต้องสัมผัสสารเคมี จำนวนมาก</p><p>* อุตสาหกรรมห้องเย็น อาหารทะเล เพราะต้องมีการเก็บอาหารไว้ที่อุณหภูมิต่ำ</p><p>* อุตสาหกรรมเกษตร เพราะต้องสัมผัสสารพิษจำพวกยาฆ่าแมลง</p><p>* อุตสาหกรรมยา เพราะต้องสัมผัสสารพิษต่างๆ</p><p>* โรงฆ่าสัตว์ และ ชำแหละเนื้อสัตว์เพราะต้องสัมผัสน้ำมันจากสัตว์ และ ต้องมีการเก็บอาหารไว้ที่อุณหภูมิต่ำ</p><p>* คลินิก หมอฟัน พยาบาล เพราะต้องสัมผัส เลือด น้ำเหลืองต่างๆ</p><p>* ห้องแลปต่าง เพราะต้องสัมผัสสารเคมี จำนวนมาก</p><p>* ห้องคลีนรูปต่างๆ</p><p>* สถานที่ สัก tattoo</p><p>สินค้ารวม VAT 7%</p>																		', '10.jpg', '2021-01-22', '2021-02-15', 1, '0'),
(39, 'ถุงมือยางไนไตรไม่มีแป้ง 3.5 g', '13', 'xs', 's', 'm', 'l', 'xl', 45, '										<p>คุณสมบัติ : </p><p>* ทำจากยางไนไตรบิวทาไดอีน มี acrylonitrile ผสมอยู่ จึงทำให้ถุงมือไนไตรทนสารเคมีได้ดีกว่า สารเคมีที่ว่า มีทั้งสารพิษ กรด เบส ไขมันสัตว์ น้ำมันต่างๆ ตลอดจนสารไฮโดรคาร์บอนต่างๆ</p><p><span style=\"font-size: 1rem;\">การใช้งาน : </span><br></p><p>* อุตสาหกรรมอาหาร เครื่องดื่ม เพราะต้องสัมผัสน้ำมันพืช และไขมันต่างๆ</p><p>* อุตสาหกรรมอิเล็กทรอนิกส์ เพราะต้องสัมผัสสารเคมี จำนวนมาก</p><p>* อุตสาหกรรมห้องเย็น อาหารทะเล เพราะต้องมีการเก็บอาหารไว้ที่อุณหภูมิต่ำ</p><p>* อุตสาหกรรมเกษตร เพราะต้องสัมผัสสารพิษจำพวกยาฆ่าแมลง</p><p>* อุตสาหกรรมยา เพราะต้องสัมผัสสารพิษต่างๆ</p><p>* โรงฆ่าสัตว์ และ ชำแหละเนื้อสัตว์เพราะต้องสัมผัสน้ำมันจากสัตว์ และ ต้องมีการเก็บอาหารไว้ที่อุณหภูมิต่ำ</p><p>* คลินิก หมอฟัน พยาบาล เพราะต้องสัมผัส เลือด น้ำเหลืองต่างๆ</p><p>* ห้องแลปต่าง เพราะต้องสัมผัสสารเคมี จำนวนมาก</p><p>* ห้องคลีนรูปต่างๆ</p><p>* สถานที่ สัก tattoo</p><p>สินค้ายังไม่รวม VAT 7%</p>									', '11.jpg', '2021-01-22', '2021-02-01', 0, '0'),
(40, 'ถุงมือยางไนไตรไม่มีแป้ง 5.5 g', '14', 'xs', 's', 'm', 'l', 'xl', 45, '										<p>คุณสมบัติ : </p><p>* ทำจากยางไนไตรบิวทาไดอีน มี acrylonitrile ผสมอยู่ จึงทำให้ถุงมือไนไตรทนสารเคมีได้ดีกว่า สารเคมีที่ว่า มีทั้งสารพิษ กรด เบส ไขมันสัตว์ น้ำมันต่างๆ ตลอดจนสารไฮโดรคาร์บอนต่างๆ</p><p><span style=\"font-size: 1rem;\">การใช้งาน : </span><br></p><p>* อุตสาหกรรมอาหาร เครื่องดื่ม เพราะต้องสัมผัสน้ำมันพืช และไขมันต่างๆ</p><p>* อุตสาหกรรมอิเล็กทรอนิกส์ เพราะต้องสัมผัสสารเคมี จำนวนมาก</p><p>* อุตสาหกรรมห้องเย็น อาหารทะเล เพราะต้องมีการเก็บอาหารไว้ที่อุณหภูมิต่ำ</p><p>* อุตสาหกรรมเกษตร เพราะต้องสัมผัสสารพิษจำพวกยาฆ่าแมลง</p><p>* อุตสาหกรรมยา เพราะต้องสัมผัสสารพิษต่างๆ</p><p>* โรงฆ่าสัตว์ และ ชำแหละเนื้อสัตว์เพราะต้องสัมผัสน้ำมันจากสัตว์ และ ต้องมีการเก็บอาหารไว้ที่อุณหภูมิต่ำ</p><p>* คลินิก หมอฟัน พยาบาล เพราะต้องสัมผัส เลือด น้ำเหลืองต่างๆ</p><p>* ห้องแลปต่าง เพราะต้องสัมผัสสารเคมี จำนวนมาก</p><p>* ห้องคลีนรูปต่างๆ</p><p>* สถานที่ สัก tattoo</p><p>สินค้ายังไม่รวม VAT 7%</p>									', '08.jpg', '2021-01-22', '2021-02-01', 0, '0'),
(41, 'ถุงมือยางไนไตรไม่มีแป้ง 4.5 g', '14', 'xs', 's', 'm', 'l', 'xl', 45, '										<p>คุณสมบัติ : ทำจากยางไนไตรบิวทาไดอีน มี acrylonitrile ผสมอยู่ จึงทำให้ถุงมือไนไตรทนสารเคมีได้ดีกว่า สารเคมีที่ว่า มีทั้งสารพิษ กรด เบส ไขมันสัตว์ น้ำมันต่างๆ ตลอดจนสารไฮโดรคาร์บอนต่างๆ</p><p>การใช้งาน : อุตสาหกรรมอาหาร เครื่องดื่ม เพราะต้องสัมผัสน้ำมันพืช และไขมันต่างๆ</p><p> • อุตสาหกรรมยานยนต์ เพราะต้องสัมผัสน้ำมันต่างๆ</p><p> • อุตสาหกรรมเครื่องจักร โรงกลึง โรงเหล็ก</p><p> • อุตสาหกรรมอิเล็กทรอนิกส์ เพราะต้องสัมผัสสารเคมี จำนวนมาก</p><p> • อุตสาหกรรมห้องเย็น อาหารทะเล เพราะต้องมีการเก็บอาหารไว้ที่อุณหภูมิต่ำ</p><p> • อุตสาหกรรมเกษตร เพราะต้องสัมผัสสารพิษจำพวกยาฆ่าแมลง</p><p> • อุตสาหกรรมยา เพราะต้องสัมผัสสารพิษต่างๆ</p><p> • โรงฆ่าสัตว์ และ ชำแหละเนื้อสัตว์เพราะต้องสัมผัสน้ำมันจากสัตว์ และ ต้องมีการเก็บอาหารไว้ที่อุณหภูมิต่ำ</p><p> • คลินิก หมอฟัน พยาบาล เพราะต้องสัมผัส เลือด น้ำเหลืองต่างๆ</p><p> • ห้องแลปต่าง เพราะต้องสัมผัสสารเคมี จำนวนมาก</p><p> • ห้องคลีนรูปต่างๆ</p><p> • สถานที่ สัก tattoo</p><p>สินค้ายังไม่รวม VAT 7%</p>									', '07.jpg', '2021-01-22', '2021-02-01', 0, '0'),
(42, 'ถุงมือยางไนไตรไม่มีแป้ง 3.5 g', '14', 'xs', 's', 'm', 'l', 'xl', 45, '										<p>คุณสมบัติ : ทำจากยางไนไตรบิวทาไดอีน มี acrylonitrile ผสมอยู่ จึงทำให้ถุงมือไนไตรทนสารเคมีได้ดีกว่า สารเคมีที่ว่า มีทั้งสารพิษ กรด เบส ไขมันสัตว์ น้ำมันต่างๆ ตลอดจนสารไฮโดรคาร์บอนต่างๆ</p><p>การใช้งาน : อุตสาหกรรมอาหาร เครื่องดื่ม เพราะต้องสัมผัสน้ำมันพืช และไขมันต่างๆ</p><p> • อุตสาหกรรมยานยนต์ เพราะต้องสัมผัสน้ำมันต่างๆ</p><p> • อุตสาหกรรมเครื่องจักร โรงกลึง โรงเหล็ก</p><p> • อุตสาหกรรมอิเล็กทรอนิกส์ เพราะต้องสัมผัสสารเคมี จำนวนมาก</p><p> • อุตสาหกรรมห้องเย็น อาหารทะเล เพราะต้องมีการเก็บอาหารไว้ที่อุณหภูมิต่ำ</p><p> • อุตสาหกรรมเกษตร เพราะต้องสัมผัสสารพิษจำพวกยาฆ่าแมลง</p><p> • อุตสาหกรรมยา เพราะต้องสัมผัสสารพิษต่างๆ</p><p> • โรงฆ่าสัตว์ และ ชำแหละเนื้อสัตว์เพราะต้องสัมผัสน้ำมันจากสัตว์ และ ต้องมีการเก็บอาหารไว้ที่อุณหภูมิต่ำ</p><p> • คลินิก หมอฟัน พยาบาล เพราะต้องสัมผัส เลือด น้ำเหลืองต่างๆ</p><p> • ห้องแลปต่าง เพราะต้องสัมผัสสารเคมี จำนวนมาก</p><p> • ห้องคลีนรูปต่างๆ</p><p> • สถานที่ สัก tattoo</p><p>สินค้ายังไม่รวม VAT 7%</p>									', '09.jpg', '2021-01-22', '2021-02-01', 0, '0'),
(43, 'ถุงมือยางไนไตรไม่มีแป้ง 5.0 g', '15', 'xs', 's', 'm', 'l', 'xl', 45, '										<p>คุณสมบัติ : ทำจากยางไนไตรบิวทาไดอีน มี acrylonitrile ผสมอยู่ จึงทำให้ถุงมือไนไตรทนสารเคมีได้ดีกว่า สารเคมีที่ว่า มีทั้งสารพิษ กรด เบส ไขมันสัตว์ น้ำมันต่างๆ ตลอดจนสารไฮโดรคาร์บอนต่างๆ</p><p>การใช้งาน : อุตสาหกรรมอาหาร เครื่องดื่ม เพราะต้องสัมผัสน้ำมันพืช และไขมันต่างๆ</p><p> • อุตสาหกรรมยานยนต์ เพราะต้องสัมผัสน้ำมันต่างๆ</p><p> • อุตสาหกรรมเครื่องจักร โรงกลึง โรงเหล็ก</p><p> • อุตสาหกรรมอิเล็กทรอนิกส์ เพราะต้องสัมผัสสารเคมี จำนวนมาก</p><p> • อุตสาหกรรมห้องเย็น อาหารทะเล เพราะต้องมีการเก็บอาหารไว้ที่อุณหภูมิต่ำ</p><p> • อุตสาหกรรมเกษตร เพราะต้องสัมผัสสารพิษจำพวกยาฆ่าแมลง</p><p> • อุตสาหกรรมยา เพราะต้องสัมผัสสารพิษต่างๆ</p><p> • โรงฆ่าสัตว์ และ ชำแหละเนื้อสัตว์เพราะต้องสัมผัสน้ำมันจากสัตว์ และ ต้องมีการเก็บอาหารไว้ที่อุณหภูมิต่ำ</p><p> • คลินิก หมอฟัน พยาบาล เพราะต้องสัมผัส เลือด น้ำเหลืองต่างๆ</p><p> • ห้องแลปต่าง เพราะต้องสัมผัสสารเคมี จำนวนมาก</p><p> • ห้องคลีนรูปต่างๆ</p><p> • สถานที่ สัก tattoo</p><p>สินค้ายังไม่รวม VAT 7%</p>									', '14.jpg', '2021-01-22', '2021-02-01', 0, '0'),
(44, 'ถุงมือยางไนไตรไม่มีแป้ง 4.5 g', '15', 'xs', 's', 'm', 'l', 'xl', 45, '										<p>คุณสมบัติ : ทำจากยางไนไตรบิวทาไดอีน มี acrylonitrile ผสมอยู่ จึงทำให้ถุงมือไนไตรทนสารเคมีได้ดีกว่า สารเคมีที่ว่า มีทั้งสารพิษ กรด เบส ไขมันสัตว์ น้ำมันต่างๆ ตลอดจนสารไฮโดรคาร์บอนต่างๆ</p><p>การใช้งาน : อุตสาหกรรมอาหาร เครื่องดื่ม เพราะต้องสัมผัสน้ำมันพืช และไขมันต่างๆ</p><p> • อุตสาหกรรมยานยนต์ เพราะต้องสัมผัสน้ำมันต่างๆ</p><p> • อุตสาหกรรมเครื่องจักร โรงกลึง โรงเหล็ก</p><p> • อุตสาหกรรมอิเล็กทรอนิกส์ เพราะต้องสัมผัสสารเคมี จำนวนมาก</p><p> • อุตสาหกรรมห้องเย็น อาหารทะเล เพราะต้องมีการเก็บอาหารไว้ที่อุณหภูมิต่ำ</p><p> • อุตสาหกรรมเกษตร เพราะต้องสัมผัสสารพิษจำพวกยาฆ่าแมลง</p><p> • อุตสาหกรรมยา เพราะต้องสัมผัสสารพิษต่างๆ</p><p> • โรงฆ่าสัตว์ และ ชำแหละเนื้อสัตว์เพราะต้องสัมผัสน้ำมันจากสัตว์ และ ต้องมีการเก็บอาหารไว้ที่อุณหภูมิต่ำ</p><p> • คลินิก หมอฟัน พยาบาล เพราะต้องสัมผัส เลือด น้ำเหลืองต่างๆ</p><p> • ห้องแลปต่าง เพราะต้องสัมผัสสารเคมี จำนวนมาก</p><p> • ห้องคลีนรูปต่างๆ</p><p> • สถานที่ สัก tattoo</p><p>สินค้ายังไม่รวม VAT 7%</p>									', '15.jpg', '2021-01-22', '2021-02-01', 0, '0'),
(45, 'ถุงมือยางไนไตรไม่มีแป้ง 3.5 g', '15', 'xs', 's', 'm', 'l', 'xl', 45, '										<p>คุณสมบัติ : ทำจากยางไนไตรบิวทาไดอีน มี acrylonitrile ผสมอยู่ จึงทำให้ถุงมือไนไตรทนสารเคมีได้ดีกว่า สารเคมีที่ว่า มีทั้งสารพิษ กรด เบส ไขมันสัตว์ น้ำมันต่างๆ ตลอดจนสารไฮโดรคาร์บอนต่างๆ</p><p>การใช้งาน : อุตสาหกรรมอาหาร เครื่องดื่ม เพราะต้องสัมผัสน้ำมันพืช และไขมันต่างๆ</p><p> • อุตสาหกรรมยานยนต์ เพราะต้องสัมผัสน้ำมันต่างๆ</p><p> • อุตสาหกรรมเครื่องจักร โรงกลึง โรงเหล็ก</p><p> • อุตสาหกรรมอิเล็กทรอนิกส์ เพราะต้องสัมผัสสารเคมี จำนวนมาก</p><p> • อุตสาหกรรมห้องเย็น อาหารทะเล เพราะต้องมีการเก็บอาหารไว้ที่อุณหภูมิต่ำ</p><p> • อุตสาหกรรมเกษตร เพราะต้องสัมผัสสารพิษจำพวกยาฆ่าแมลง</p><p> • อุตสาหกรรมยา เพราะต้องสัมผัสสารพิษต่างๆ</p><p> • โรงฆ่าสัตว์ และ ชำแหละเนื้อสัตว์เพราะต้องสัมผัสน้ำมันจากสัตว์ และ ต้องมีการเก็บอาหารไว้ที่อุณหภูมิต่ำ</p><p> • คลินิก หมอฟัน พยาบาล เพราะต้องสัมผัส เลือด น้ำเหลืองต่างๆ</p><p> • ห้องแลปต่าง เพราะต้องสัมผัสสารเคมี จำนวนมาก</p><p> • ห้องคลีนรูปต่างๆ</p><p> • สถานที่ สัก tattoo</p><p>สินค้ายังไม่รวม VAT 7%</p>									', '13.jpg', '2021-01-22', '2021-02-01', 0, '0'),
(46, 'ถุงมือยางไนไตรไม่มีแป้ง 5.0 g', '16', 'xs', 's', 'm', 'l', 'xl', 45, '																				<p>คุณสมบัติ : ทำจากยางไนไตรบิวทาไดอีน มี acrylonitrile ผสมอยู่ จึงทำให้ถุงมือไนไตรทนสารเคมีได้ดีกว่า สารเคมีที่ว่า มีทั้งสารพิษ กรด เบส ไขมันสัตว์ น้ำมันต่างๆ ตลอดจนสารไฮโดรคาร์บอนต่างๆ</p><p>การใช้งาน : อุตสาหกรรมอาหาร เครื่องดื่ม เพราะต้องสัมผัสน้ำมันพืช และไขมันต่างๆ</p><p> • อุตสาหกรรมยานยนต์ เพราะต้องสัมผัสน้ำมันต่างๆ</p><p> • อุตสาหกรรมเครื่องจักร โรงกลึง โรงเหล็ก</p><p> • อุตสาหกรรมอิเล็กทรอนิกส์ เพราะต้องสัมผัสสารเคมี จำนวนมาก</p><p> • อุตสาหกรรมห้องเย็น อาหารทะเล เพราะต้องมีการเก็บอาหารไว้ที่อุณหภูมิต่ำ</p><p> • อุตสาหกรรมเกษตร เพราะต้องสัมผัสสารพิษจำพวกยาฆ่าแมลง</p><p> • อุตสาหกรรมยา เพราะต้องสัมผัสสารพิษต่างๆ</p><p> • โรงฆ่าสัตว์ และ ชำแหละเนื้อสัตว์เพราะต้องสัมผัสน้ำมันจากสัตว์ และ ต้องมีการเก็บอาหารไว้ที่อุณหภูมิต่ำ</p><p> • คลินิก หมอฟัน พยาบาล เพราะต้องสัมผัส เลือด น้ำเหลืองต่างๆ</p><p> • ห้องแลปต่าง เพราะต้องสัมผัสสารเคมี จำนวนมาก</p><p> • ห้องคลีนรูปต่างๆ</p><p> • สถานที่ สัก tattoo</p><p>สินค้ายังไม่รวม VAT 7%</p>																		', '26.jpg', '2021-01-22', '2021-02-01', 0, '1'),
(47, 'ถุงมือยางไนไตรไม่มีแป้ง 4.5 g', '16', 'xs', 's', 'm', 'l', 'xl', 45, '										<p>คุณสมบัติ : ทำจากยางไนไตรบิวทาไดอีน มี acrylonitrile ผสมอยู่ จึงทำให้ถุงมือไนไตรทนสารเคมีได้ดีกว่า สารเคมีที่ว่า มีทั้งสารพิษ กรด เบส ไขมันสัตว์ น้ำมันต่างๆ ตลอดจนสารไฮโดรคาร์บอนต่างๆ</p><p>การใช้งาน : อุตสาหกรรมอาหาร เครื่องดื่ม เพราะต้องสัมผัสน้ำมันพืช และไขมันต่างๆ</p><p> • อุตสาหกรรมยานยนต์ เพราะต้องสัมผัสน้ำมันต่างๆ</p><p> • อุตสาหกรรมเครื่องจักร โรงกลึง โรงเหล็ก</p><p> • อุตสาหกรรมอิเล็กทรอนิกส์ เพราะต้องสัมผัสสารเคมี จำนวนมาก</p><p> • อุตสาหกรรมห้องเย็น อาหารทะเล เพราะต้องมีการเก็บอาหารไว้ที่อุณหภูมิต่ำ</p><p> • อุตสาหกรรมเกษตร เพราะต้องสัมผัสสารพิษจำพวกยาฆ่าแมลง</p><p> • อุตสาหกรรมยา เพราะต้องสัมผัสสารพิษต่างๆ</p><p> • โรงฆ่าสัตว์ และ ชำแหละเนื้อสัตว์เพราะต้องสัมผัสน้ำมันจากสัตว์ และ ต้องมีการเก็บอาหารไว้ที่อุณหภูมิต่ำ</p><p> • คลินิก หมอฟัน พยาบาล เพราะต้องสัมผัส เลือด น้ำเหลืองต่างๆ</p><p> • ห้องแลปต่าง เพราะต้องสัมผัสสารเคมี จำนวนมาก</p><p> • ห้องคลีนรูปต่างๆ</p><p> • สถานที่ สัก tattoo</p><p>สินค้ายังไม่รวม VAT 7%</p>									', '25.jpg', '2021-01-22', '2021-02-01', 0, '0'),
(48, 'ถุงมือยางไนไตรไม่มีแป้ง 3.5 g', '16', 'xs', 's', '', 'l', '', 364, '																																								<p>คุณสมบัติ : ทำจากยางไนไตรบิวทาไดอีน มี acrylonitrile ผสมอยู่ จึงทำให้ถุงมือไนไตรทนสารเคมีได้ดีกว่า สารเคมีที่ว่า มีทั้งสารพิษ กรด เบส ไขมันสัตว์ น้ำมันต่างๆ ตลอดจนสารไฮโดรคาร์บอนต่างๆ</p><p>การใช้งาน : อุตสาหกรรมอาหาร เครื่องดื่ม เพราะต้องสัมผัสน้ำมันพืช และไขมันต่างๆ</p><p> • อุตสาหกรรมยานยนต์ เพราะต้องสัมผัสน้ำมันต่างๆ</p><p> • อุตสาหกรรมเครื่องจักร โรงกลึง โรงเหล็ก</p><p> • อุตสาหกรรมอิเล็กทรอนิกส์ เพราะต้องสัมผัสสารเคมี จำนวนมาก</p><p> • อุตสาหกรรมห้องเย็น อาหารทะเล เพราะต้องมีการเก็บอาหารไว้ที่อุณหภูมิต่ำ</p><p> • อุตสาหกรรมเกษตร เพราะต้องสัมผัสสารพิษจำพวกยาฆ่าแมลง</p><p> • อุตสาหกรรมยา เพราะต้องสัมผัสสารพิษต่างๆ</p><p> • โรงฆ่าสัตว์ และ ชำแหละเนื้อสัตว์เพราะต้องสัมผัสน้ำมันจากสัตว์ และ ต้องมีการเก็บอาหารไว้ที่อุณหภูมิต่ำ</p><p> • คลินิก หมอฟัน พยาบาล เพราะต้องสัมผัส เลือด น้ำเหลืองต่างๆ</p><p> • ห้องแลปต่าง เพราะต้องสัมผัสสารเคมี จำนวนมาก</p><p> • ห้องคลีนรูปต่างๆ</p><p> • สถานที่ สัก tattoo</p><p>สินค้ารว<span style=\"color: rgb(0, 0, 0); font-family: Roboto, sans-serif; font-size: 14px; font-style: normal; font-variant-ligatures: normal; font-variant-caps: normal; font-weight: 300; letter-spacing: normal; orphans: 2; text-align: left; text-indent: 0px; text-transform: none; white-space: normal; widows: 2; word-spacing: 0px; -webkit-text-stroke-width: 0px; background-color: rgb(255, 255, 255); text-decoration-thickness: initial; text-decoration-style: initial; text-decoration-color: initial; display: inline !important; float: none;\">ม</span> VAT 7%</p>																																				', '25.jpg', '2021-01-22', '2021-02-15', 1, '0'),
(49, 'ถุงมือยางไนไตรไม่มีแป้ง 5.0 g', '18', 'xs', 's', 'm', 'l', 'xl', 45, '										<p>คุณสมบัติ : ทำจากยางไนไตรบิวทาไดอีน มี acrylonitrile ผสมอยู่ จึงทำให้ถุงมือไนไตรทนสารเคมีได้ดีกว่า สารเคมีที่ว่า มีทั้งสารพิษ กรด เบส ไขมันสัตว์ น้ำมันต่างๆ ตลอดจนสารไฮโดรคาร์บอนต่างๆ</p><p>การใช้งาน : อุตสาหกรรมอาหาร เครื่องดื่ม เพราะต้องสัมผัสน้ำมันพืช และไขมันต่างๆ</p><p> • อุตสาหกรรมยานยนต์ เพราะต้องสัมผัสน้ำมันต่างๆ</p><p> • อุตสาหกรรมเครื่องจักร โรงกลึง โรงเหล็ก</p><p> • อุตสาหกรรมอิเล็กทรอนิกส์ เพราะต้องสัมผัสสารเคมี จำนวนมาก</p><p> • อุตสาหกรรมห้องเย็น อาหารทะเล เพราะต้องมีการเก็บอาหารไว้ที่อุณหภูมิต่ำ</p><p> • อุตสาหกรรมเกษตร เพราะต้องสัมผัสสารพิษจำพวกยาฆ่าแมลง</p><p> • อุตสาหกรรมยา เพราะต้องสัมผัสสารพิษต่างๆ</p><p> • โรงฆ่าสัตว์ และ ชำแหละเนื้อสัตว์เพราะต้องสัมผัสน้ำมันจากสัตว์ และ ต้องมีการเก็บอาหารไว้ที่อุณหภูมิต่ำ</p><p> • คลินิก หมอฟัน พยาบาล เพราะต้องสัมผัส เลือด น้ำเหลืองต่างๆ</p><p> • ห้องแลปต่าง เพราะต้องสัมผัสสารเคมี จำนวนมาก</p><p> • ห้องคลีนรูปต่างๆ</p><p> • สถานที่ สัก tattoo</p><p>สินค้ายังไม่รวม VAT 7%</p>									', '05.jpg', '2021-01-22', '2021-02-01', 0, '0'),
(50, 'ถุงมือยางไนไตรไม่มีแป้ง 4.5 g', '18', 'xs', 's', 'm', 'l', 'xl', 45, '										<p>คุณสมบัติ : ทำจากยางไนไตรบิวทาไดอีน มี acrylonitrile ผสมอยู่ จึงทำให้ถุงมือไนไตรทนสารเคมีได้ดีกว่า สารเคมีที่ว่า มีทั้งสารพิษ กรด เบส ไขมันสัตว์ น้ำมันต่างๆ ตลอดจนสารไฮโดรคาร์บอนต่างๆ</p><p>การใช้งาน : อุตสาหกรรมอาหาร เครื่องดื่ม เพราะต้องสัมผัสน้ำมันพืช และไขมันต่างๆ</p><p> • อุตสาหกรรมยานยนต์ เพราะต้องสัมผัสน้ำมันต่างๆ</p><p> • อุตสาหกรรมเครื่องจักร โรงกลึง โรงเหล็ก</p><p> • อุตสาหกรรมอิเล็กทรอนิกส์ เพราะต้องสัมผัสสารเคมี จำนวนมาก</p><p> • อุตสาหกรรมห้องเย็น อาหารทะเล เพราะต้องมีการเก็บอาหารไว้ที่อุณหภูมิต่ำ</p><p> • อุตสาหกรรมเกษตร เพราะต้องสัมผัสสารพิษจำพวกยาฆ่าแมลง</p><p> • อุตสาหกรรมยา เพราะต้องสัมผัสสารพิษต่างๆ</p><p> • โรงฆ่าสัตว์ และ ชำแหละเนื้อสัตว์เพราะต้องสัมผัสน้ำมันจากสัตว์ และ ต้องมีการเก็บอาหารไว้ที่อุณหภูมิต่ำ</p><p> • คลินิก หมอฟัน พยาบาล เพราะต้องสัมผัส เลือด น้ำเหลืองต่างๆ</p><p> • ห้องแลปต่าง เพราะต้องสัมผัสสารเคมี จำนวนมาก</p><p> • ห้องคลีนรูปต่างๆ</p><p> • สถานที่ สัก tattoo</p><p>สินค้ายังไม่รวม VAT 7%</p>									', '04.jpg', '2021-01-22', '2021-02-01', 0, '0'),
(51, 'ถุงมือยางไนไตรไม่มีแป้ง 3.5 g', '18', '', 'S', 'M', 'L', '', 370, '																				<p>คุณสมบัติ : ทำจากยางไนไตรบิวทาไดอีน มี acrylonitrile ผสมอยู่ จึงทำให้ถุงมือไนไตรทนสารเคมีได้ดีกว่า สารเคมีที่ว่า มีทั้งสารพิษ กรด เบส ไขมันสัตว์ น้ำมันต่างๆ ตลอดจนสารไฮโดรคาร์บอนต่างๆ</p><p>การใช้งาน : อุตสาหกรรมอาหาร เครื่องดื่ม เพราะต้องสัมผัสน้ำมันพืช และไขมันต่างๆ</p><p>&nbsp;• อุตสาหกรรมยานยนต์ เพราะต้องสัมผัสน้ำมันต่างๆ</p><p>&nbsp;• อุตสาหกรรมเครื่องจักร โรงกลึง โรงเหล็ก</p><p>&nbsp;• อุตสาหกรรมอิเล็กทรอนิกส์ เพราะต้องสัมผัสสารเคมี จำนวนมาก</p><p>&nbsp;• อุตสาหกรรมห้องเย็น อาหารทะเล เพราะต้องมีการเก็บอาหารไว้ที่อุณหภูมิต่ำ</p><p>&nbsp;• อุตสาหกรรมเกษตร เพราะต้องสัมผัสสารพิษจำพวกยาฆ่าแมลง</p><p>&nbsp;• อุตสาหกรรมยา เพราะต้องสัมผัสสารพิษต่างๆ</p><p>&nbsp;• โรงฆ่าสัตว์ และ ชำแหละเนื้อสัตว์เพราะต้องสัมผัสน้ำมันจากสัตว์ และ ต้องมีการเก็บอาหารไว้ที่อุณหภูมิต่ำ</p><p>&nbsp;• คลินิก หมอฟัน พยาบาล เพราะต้องสัมผัส เลือด น้ำเหลืองต่างๆ</p><p>&nbsp;• ห้องแลปต่าง เพราะต้องสัมผัสสารเคมี จำนวนมาก</p><p>&nbsp;• ห้องคลีนรูปต่างๆ</p><p>&nbsp;• สถานที่ สัก tattoo</p><p>สินค้ารวม VAT 7%</p>																		', '06.jpg', '2021-01-22', '2021-02-15', 1, '0'),
(52, 'ถุงมือยางไนไตรไม่มีแป้ง 5.0 g', '11', '', 's', 'm', 'l', '', 45, '																														<div>คุณสมบัติ : ทำจากยางไนไตรบิวทาไดอีน มี acrylonitrile ผสมอยู่ จึงทำให้ถุงมือไนไตรทนสารเคมีได้ดีกว่า สารเคมีที่ว่า มีทั้งสารพิษ กรด เบส ไขมันสัตว์ น้ำมันต่างๆ ตลอดจนสารไฮโดรคาร์บอนต่างๆ</div><div><br></div><div>การใช้งาน : อุตสาหกรรมอาหาร เครื่องดื่ม เพราะต้องสัมผัสน้ำมันพืช และไขมันต่างๆ</div><div><br></div><div> • อุตสาหกรรมยานยนต์ เพราะต้องสัมผัสน้ำมันต่างๆ</div><div><br></div><div> • อุตสาหกรรมเครื่องจักร โรงกลึง โรงเหล็ก</div><div><br></div><div> • อุตสาหกรรมอิเล็กทรอนิกส์ เพราะต้องสัมผัสสารเคมี จำนวนมาก</div><div><br></div><div> • อุตสาหกรรมห้องเย็น อาหารทะเล เพราะต้องมีการเก็บอาหารไว้ที่อุณหภูมิต่ำ</div><div><br></div><div> • อุตสาหกรรมเกษตร เพราะต้องสัมผัสสารพิษจำพวกยาฆ่าแมลง</div><div><br></div><div> • อุตสาหกรรมยา เพราะต้องสัมผัสสารพิษต่างๆ</div><div><br></div><div> • โรงฆ่าสัตว์ และ ชำแหละเนื้อสัตว์เพราะต้องสัมผัสน้ำมันจากสัตว์ และ ต้องมีการเก็บอาหารไว้ที่อุณหภูมิต่ำ</div><div><br></div><div> • คลินิก หมอฟัน พยาบาล เพราะต้องสัมผัส เลือด น้ำเหลืองต่างๆ</div><div><br></div><div> • ห้องแลปต่าง เพราะต้องสัมผัสสารเคมี จำนวนมาก</div><div><br></div><div> • ห้องคลีนรูปต่างๆ</div><div><br></div><div> • สถานที่ สัก tattoo</div><div><br></div><div>สินค้ายังไม่รวม VAT 7%</div>																											', '1_0.jpg', '2021-02-01', '2021-02-01', 0, '0'),
(53, 'ถุงมือยางไนไตรไม่มีแป้ง 5.0 g', '18', 'xs', 's', '', '', '', 45, '																				<div>คุณสมบัติ : ทำจากยางไนไตรบิวทาไดอีน มี acrylonitrile ผสมอยู่ จึงทำให้ถุงมือไนไตรทนสารเคมีได้ดีกว่า สารเคมีที่ว่า มีทั้งสารพิษ กรด เบส ไขมันสัตว์ น้ำมันต่างๆ ตลอดจนสารไฮโดรคาร์บอนต่างๆ</div><div><br></div><div>การใช้งาน : อุตสาหกรรมอาหาร เครื่องดื่ม เพราะต้องสัมผัสน้ำมันพืช และไขมันต่างๆ</div><div><br></div><div> • อุตสาหกรรมยานยนต์ เพราะต้องสัมผัสน้ำมันต่างๆ</div><div><br></div><div> • อุตสาหกรรมเครื่องจักร โรงกลึง โรงเหล็ก</div><div><br></div><div> • อุตสาหกรรมอิเล็กทรอนิกส์ เพราะต้องสัมผัสสารเคมี จำนวนมาก</div><div><br></div><div> • อุตสาหกรรมห้องเย็น อาหารทะเล เพราะต้องมีการเก็บอาหารไว้ที่อุณหภูมิต่ำ</div><div><br></div><div> • อุตสาหกรรมเกษตร เพราะต้องสัมผัสสารพิษจำพวกยาฆ่าแมลง</div><div><br></div><div> • อุตสาหกรรมยา เพราะต้องสัมผัสสารพิษต่างๆ</div><div><br></div><div> • โรงฆ่าสัตว์ และ ชำแหละเนื้อสัตว์เพราะต้องสัมผัสน้ำมันจากสัตว์ และ ต้องมีการเก็บอาหารไว้ที่อุณหภูมิต่ำ</div><div><br></div><div> • คลินิก หมอฟัน พยาบาล เพราะต้องสัมผัส เลือด น้ำเหลืองต่างๆ</div><div><br></div><div> • ห้องแลปต่าง เพราะต้องสัมผัสสารเคมี จำนวนมาก</div><div><br></div><div> • ห้องคลีนรูปต่างๆ</div><div><br></div><div> • สถานที่ สัก tattoo</div><div><br></div><div>สินค้ายังไม่รวม VAT 7%</div>																		', '2_0.jpg', '2021-02-01', '2021-02-01', 0, '0'),
(54, 'ถุงมือยางไนไตรไม่มีแป้ง 5.0 g', '16', '', 's', 'm', 'l', '', 45, '																				<div>คุณสมบัติ : ทำจากยางไนไตรบิวทาไดอีน มี acrylonitrile ผสมอยู่ จึงทำให้ถุงมือไนไตรทนสารเคมีได้ดีกว่า สารเคมีที่ว่า มีทั้งสารพิษ กรด เบส ไขมันสัตว์ น้ำมันต่างๆ ตลอดจนสารไฮโดรคาร์บอนต่างๆ</div><div><br></div><div>การใช้งาน : อุตสาหกรรมอาหาร เครื่องดื่ม เพราะต้องสัมผัสน้ำมันพืช และไขมันต่างๆ</div><div><br></div><div> • อุตสาหกรรมยานยนต์ เพราะต้องสัมผัสน้ำมันต่างๆ</div><div><br></div><div> • อุตสาหกรรมเครื่องจักร โรงกลึง โรงเหล็ก</div><div><br></div><div> • อุตสาหกรรมอิเล็กทรอนิกส์ เพราะต้องสัมผัสสารเคมี จำนวนมาก</div><div><br></div><div> • อุตสาหกรรมห้องเย็น อาหารทะเล เพราะต้องมีการเก็บอาหารไว้ที่อุณหภูมิต่ำ</div><div><br></div><div> • อุตสาหกรรมเกษตร เพราะต้องสัมผัสสารพิษจำพวกยาฆ่าแมลง</div><div><br></div><div> • อุตสาหกรรมยา เพราะต้องสัมผัสสารพิษต่างๆ</div><div><br></div><div> • โรงฆ่าสัตว์ และ ชำแหละเนื้อสัตว์เพราะต้องสัมผัสน้ำมันจากสัตว์ และ ต้องมีการเก็บอาหารไว้ที่อุณหภูมิต่ำ</div><div><br></div><div> • คลินิก หมอฟัน พยาบาล เพราะต้องสัมผัส เลือด น้ำเหลืองต่างๆ</div><div><br></div><div> • ห้องแลปต่าง เพราะต้องสัมผัสสารเคมี จำนวนมาก</div><div><br></div><div> • ห้องคลีนรูปต่างๆ</div><div><br></div><div> • สถานที่ สัก tattoo</div><div><br></div><div>สินค้ายังไม่รวม VAT 7%</div>																		', '3_0.jpg', '2021-02-01', '2021-02-01', 0, '0'),
(55, 'ถุงมือยางไนไตรไม่มีแป้ง 5.0 g', '15', 'xs', 's', '', '', '', 45, '																														<div>คุณสมบัติ : ทำจากยางไนไตรบิวทาไดอีน มี acrylonitrile ผสมอยู่ จึงทำให้ถุงมือไนไตรทนสารเคมีได้ดีกว่า สารเคมีที่ว่า มีทั้งสารพิษ กรด เบส ไขมันสัตว์ น้ำมันต่างๆ ตลอดจนสารไฮโดรคาร์บอนต่างๆ</div><div><br></div><div>การใช้งาน : อุตสาหกรรมอาหาร เครื่องดื่ม เพราะต้องสัมผัสน้ำมันพืช และไขมันต่างๆ</div><div><br></div><div> • อุตสาหกรรมยานยนต์ เพราะต้องสัมผัสน้ำมันต่างๆ</div><div><br></div><div> • อุตสาหกรรมเครื่องจักร โรงกลึง โรงเหล็ก</div><div><br></div><div> • อุตสาหกรรมอิเล็กทรอนิกส์ เพราะต้องสัมผัสสารเคมี จำนวนมาก</div><div><br></div><div> • อุตสาหกรรมห้องเย็น อาหารทะเล เพราะต้องมีการเก็บอาหารไว้ที่อุณหภูมิต่ำ</div><div><br></div><div> • อุตสาหกรรมเกษตร เพราะต้องสัมผัสสารพิษจำพวกยาฆ่าแมลง</div><div><br></div><div> • อุตสาหกรรมยา เพราะต้องสัมผัสสารพิษต่างๆ</div><div><br></div><div> • โรงฆ่าสัตว์ และ ชำแหละเนื้อสัตว์เพราะต้องสัมผัสน้ำมันจากสัตว์ และ ต้องมีการเก็บอาหารไว้ที่อุณหภูมิต่ำ</div><div><br></div><div> • คลินิก หมอฟัน พยาบาล เพราะต้องสัมผัส เลือด น้ำเหลืองต่างๆ</div><div><br></div><div> • ห้องแลปต่าง เพราะต้องสัมผัสสารเคมี จำนวนมาก</div><div><br></div><div> • ห้องคลีนรูปต่างๆ</div><div><br></div><div> • สถานที่ สัก tattoo</div><div><br></div><div>สินค้ายังไม่รวม VAT 7%</div>																											', '4_0.jpg', '2021-02-01', '2021-02-08', 0, '0'),
(56, 'ถุงมือยางสีขาว (WA) แบบไม่มีแป้ง 5.4', '8', 'xs', 's', 'm', 'l', '', 0, '																				<div>คุณสมบัติ : ผลิตจากยางธรรมชาติ&nbsp;</div><div><br></div><div>- ความยาว 9 นิ้ว</div><div><br></div><div>- สวมใส่ง่าย รู้สึกสบายมือ</div><div><br></div><div>การใช้งาน :&nbsp;</div><div><br></div><div>- งานอุตสาหกรรม อาหาร&nbsp;</div><div><br></div><div>- งานอุตสาหกรรม ยานยนต์</div><div><br></div><div>- งานอิเล็กทรอนิกส์</div><div><br></div><div>- งานทั่วไป</div><div><br></div><div>- งานเกษตร</div><div><br></div><div>- กลุ่มความงาม</div><div><br></div><div>- กลุ่มงานแพทย์</div><div><br></div><div>- กลุ่มสาธารณสุข</div><div><br></div><div>- ห้องปฏิบัติการ</div><div><br></div><div>สินค้ารวม VAT 7%</div>																		', '01.jpg', '2021-02-01', '2021-02-15', 1, '0'),
(57, 'ถุงมือยางสีขาว ไม่มีแป้ง (left right)', '8', 'XS', '', '', '', '', 235, '', '_left_right.jpg', '2021-02-19', NULL, 1, '1');

-- --------------------------------------------------------

--
-- Table structure for table `tbl_product_image`
--

CREATE TABLE `tbl_product_image` (
  `product_id` int(11) NOT NULL,
  `img_name` varchar(255) CHARACTER SET utf8 NOT NULL,
  `order_id` int(2) DEFAULT NULL,
  `create_date` datetime DEFAULT NULL
) ENGINE=MyISAM DEFAULT CHARSET=utf8mb4;

--
-- Dumping data for table `tbl_product_image`
--

INSERT INTO `tbl_product_image` (`product_id`, `img_name`, `order_id`, `create_date`) VALUES
(12, '15.jpg', 2, '2021-01-21 00:00:00'),
(2, '02.jpg', 1, '2021-01-14 00:00:00'),
(2, '03.jpg', 2, '2021-01-14 00:00:00'),
(1, '02.jpg', 1, '2021-01-14 00:00:00'),
(1, '03.jpg', 2, '2021-01-14 00:00:00'),
(5, '24.jpg', 2, '2021-01-14 00:00:00'),
(5, '23.jpg', 1, '2021-01-14 00:00:00'),
(6, '20.jpg', 1, '2021-01-14 00:00:00'),
(6, '21.jpg', 2, '2021-01-14 00:00:00'),
(17, '01.jpg', 1, '2021-01-22 00:00:00'),
(8, '17.jpg', 1, '2021-01-14 00:00:00'),
(8, '18.jpg', 2, '2021-01-14 00:00:00'),
(12, '14.jpg', 1, '2021-01-21 00:00:00'),
(13, '27.jpg', 2, '2021-01-20 00:00:00'),
(13, '26.jpg', 1, '2021-01-20 00:00:00'),
(11, '09.jpg', 2, '2021-01-21 00:00:00'),
(11, '08.jpg', 1, '2021-01-21 00:00:00'),
(15, '02.jpg', 1, '2021-01-22 00:00:00'),
(17, '02.jpg', 2, '2021-01-22 00:00:00'),
(3, '02.jpg', 1, '2021-01-14 00:00:00'),
(9, '11.jpg', 1, '2021-01-14 00:00:00'),
(9, '12.jpg', 2, '2021-01-14 00:00:00'),
(3, '03.jpg', 2, '2021-01-14 00:00:00'),
(4, '02.jpg', 1, '2021-01-14 00:00:00'),
(4, '03.jpg', 2, '2021-01-14 00:00:00'),
(7, '02.jpg', 1, '2021-01-14 00:00:00'),
(7, '03.jpg', 2, '2021-01-14 00:00:00'),
(14, '02.jpg', 1, '2021-01-22 00:00:00'),
(10, '05.jpg', 1, '2021-01-14 00:00:00'),
(10, '06.jpg', 2, '2021-01-14 00:00:00'),
(15, '03.jpg', 2, '2021-01-22 00:00:00'),
(14, '03.jpg', 2, '2021-01-22 00:00:00'),
(17, '03.jpg', 3, '2021-01-22 00:00:00'),
(18, '02.jpg', 1, '2021-01-22 00:00:00'),
(18, '03.jpg', 2, '2021-01-22 00:00:00'),
(19, '02.jpg', 1, '2021-01-22 00:00:00'),
(19, '03.jpg', 2, '2021-01-22 00:00:00'),
(20, '02.jpg', 1, '2021-01-22 00:00:00'),
(20, '03.jpg', 2, '2021-01-22 00:00:00'),
(21, '02.jpg', 1, '2021-01-22 00:00:00'),
(21, '03.jpg', 2, '2021-01-22 00:00:00'),
(22, '02.jpg', 1, '2021-01-22 00:00:00'),
(22, '03.jpg', 2, '2021-01-22 00:00:00'),
(23, '02.jpg', 1, '2021-01-22 00:00:00'),
(23, '03.jpg', 2, '2021-01-22 00:00:00'),
(24, '02.jpg', 1, '2021-01-22 00:00:00'),
(24, '03.jpg', 2, '2021-01-22 00:00:00'),
(25, '19.jpg', 1, '2021-01-22 00:00:00'),
(25, '20.jpg', 2, '2021-01-22 00:00:00'),
(25, '21.jpg', 3, '2021-01-22 00:00:00'),
(26, '19.jpg', 1, '2021-01-22 00:00:00'),
(26, '20.jpg', 2, '2021-01-22 00:00:00'),
(26, '21.jpg', 3, '2021-01-22 00:00:00'),
(27, '19.jpg', 1, '2021-01-22 00:00:00'),
(27, '20.jpg', 2, '2021-01-22 00:00:00'),
(27, '21.jpg', 3, '2021-01-22 00:00:00'),
(28, '22.jpg', 1, '2021-01-22 00:00:00'),
(28, '23.jpg', 2, '2021-01-22 00:00:00'),
(28, '24.jpg', 3, '2021-01-22 00:00:00'),
(29, '22.jpg', 1, '2021-01-22 00:00:00'),
(29, '23.jpg', 2, '2021-01-22 00:00:00'),
(29, '24.jpg', 3, '2021-01-22 00:00:00'),
(30, '22.jpg', 1, '2021-01-22 00:00:00'),
(30, '23.jpg', 2, '2021-01-22 00:00:00'),
(30, '24.jpg', 3, '2021-01-22 00:00:00'),
(31, '01.jpg', 1, '2021-01-22 00:00:00'),
(31, '02.jpg', 2, '2021-01-22 00:00:00'),
(31, '03.jpg', 3, '2021-01-22 00:00:00'),
(5, '06.jpg', 3, '2021-01-22 00:00:00'),
(5, '06-2.jpg', 4, '2021-01-22 00:00:00'),
(25, '06.jpg', 4, '2021-01-22 00:00:00'),
(25, '06-2.jpg', 5, '2021-01-22 00:00:00'),
(31, '06.jpg', 4, '2021-01-22 00:00:00'),
(31, '06-2.jpg', 5, '2021-01-22 00:00:00'),
(7, '06.jpg', 3, '2021-01-22 00:00:00'),
(7, '06-2.jpg', 4, '2021-01-22 00:00:00'),
(32, '01.jpg', 1, '2021-01-22 00:00:00'),
(32, '02.jpg', 2, '2021-01-22 00:00:00'),
(32, '03.jpg', 3, '2021-01-22 00:00:00'),
(33, '01.jpg', 1, '2021-01-22 00:00:00'),
(33, '02.jpg', 2, '2021-01-22 00:00:00'),
(33, '03.jpg', 3, '2021-01-22 00:00:00'),
(34, '16.jpg', 1, '2021-01-22 00:00:00'),
(34, '17.jpg', 2, '2021-01-22 00:00:00'),
(34, '18.jpg', 3, '2021-01-22 00:00:00'),
(35, '16.jpg', 1, '2021-01-22 00:00:00'),
(35, '17.jpg', 2, '2021-01-22 00:00:00'),
(35, '18.jpg', 3, '2021-01-22 00:00:00'),
(36, '16.jpg', 1, '2021-01-22 00:00:00'),
(36, '17.jpg', 2, '2021-01-22 00:00:00'),
(36, '18.jpg', 3, '2021-01-22 00:00:00'),
(37, '10.jpg', 1, '2021-01-22 00:00:00'),
(37, '11.jpg', 2, '2021-01-22 00:00:00'),
(37, '12.jpg', 3, '2021-01-22 00:00:00'),
(38, '10.jpg', 1, '2021-01-22 00:00:00'),
(38, '11.jpg', 2, '2021-01-22 00:00:00'),
(38, '12.jpg', 3, '2021-01-22 00:00:00'),
(39, '10.jpg', 1, '2021-01-22 00:00:00'),
(39, '11.jpg', 2, '2021-01-22 00:00:00'),
(39, '12.jpg', 3, '2021-01-22 00:00:00'),
(40, '07.jpg', 1, '2021-01-22 00:00:00'),
(40, '08.jpg', 2, '2021-01-22 00:00:00'),
(40, '09.jpg', 3, '2021-01-22 00:00:00'),
(41, '07.jpg', 1, '2021-01-22 00:00:00'),
(41, '08.jpg', 2, '2021-01-22 00:00:00'),
(41, '09.jpg', 3, '2021-01-22 00:00:00'),
(42, '07.jpg', 1, '2021-01-22 00:00:00'),
(42, '08.jpg', 2, '2021-01-22 00:00:00'),
(42, '09.jpg', 3, '2021-01-22 00:00:00'),
(43, '13.jpg', 1, '2021-01-22 00:00:00'),
(43, '14.jpg', 2, '2021-01-22 00:00:00'),
(43, '15.jpg', 3, '2021-01-22 00:00:00'),
(44, '13.jpg', 1, '2021-01-22 00:00:00'),
(44, '14.jpg', 2, '2021-01-22 00:00:00'),
(44, '15.jpg', 3, '2021-01-22 00:00:00'),
(45, '13.jpg', 1, '2021-01-22 00:00:00'),
(45, '14.jpg', 2, '2021-01-22 00:00:00'),
(45, '15.jpg', 3, '2021-01-22 00:00:00'),
(46, '25.jpg', 1, '2021-01-22 00:00:00'),
(46, '26.jpg', 2, '2021-01-22 00:00:00'),
(46, '27.jpg', 3, '2021-01-22 00:00:00'),
(47, '25.jpg', 1, '2021-01-22 00:00:00'),
(47, '26.jpg', 2, '2021-01-22 00:00:00'),
(47, '27.jpg', 3, '2021-01-22 00:00:00'),
(48, '25.jpg', 1, '2021-01-22 00:00:00'),
(48, '26.jpg', 2, '2021-01-22 00:00:00'),
(48, '27.jpg', 3, '2021-01-22 00:00:00'),
(49, '04.jpg', 1, '2021-01-22 00:00:00'),
(49, '05.jpg', 2, '2021-01-22 00:00:00'),
(49, '06.jpg', 3, '2021-01-22 00:00:00'),
(50, '04.jpg', 1, '2021-01-22 00:00:00'),
(50, '05.jpg', 2, '2021-01-22 00:00:00'),
(50, '06.jpg', 3, '2021-01-22 00:00:00'),
(51, '04.jpg', 1, '2021-01-22 00:00:00'),
(51, '05.jpg', 2, '2021-01-22 00:00:00'),
(51, '06.jpg', 3, '2021-01-22 00:00:00'),
(1, '04.jpg', 3, '2021-01-22 00:00:00'),
(1, '04-2.jpg', 4, '2021-01-22 00:00:00'),
(6, '06.jpg', 3, '2021-01-22 00:00:00'),
(6, '06-2.jpg', 4, '2021-01-22 00:00:00'),
(8, '06-2.jpg', 4, '2021-01-22 00:00:00'),
(8, '06.jpg', 3, '2021-01-22 00:00:00'),
(9, '06.jpg', 3, '2021-01-22 00:00:00'),
(9, '06-2.jpg', 4, '2021-01-22 00:00:00'),
(10, '06 (1).jpg', 3, '2021-01-22 00:00:00'),
(10, '06-2.jpg', 4, '2021-01-22 00:00:00'),
(34, '06.jpg', 4, '2021-01-22 00:00:00'),
(34, '06-2.jpg', 5, '2021-01-22 00:00:00'),
(52, '1_0.jpg', 1, '2021-02-01 00:00:00'),
(53, '2_0.jpg', 1, '2021-02-01 00:00:00'),
(54, '3_0.jpg', 1, '2021-02-01 00:00:00'),
(55, '4_0.jpg', 1, '2021-02-01 00:00:00'),
(56, '02.jpg', 1, '2021-02-01 00:00:00'),
(56, '03.jpg', 2, '2021-02-01 00:00:00');

-- --------------------------------------------------------

--
-- Table structure for table `tbl_review`
--

CREATE TABLE `tbl_review` (
  `id` int(11) NOT NULL,
  `name` varchar(255) DEFAULT NULL,
  `dsc` text,
  `img_cover` varchar(255) DEFAULT NULL,
  `is_active` int(2) DEFAULT '1',
  `create_date` datetime DEFAULT NULL,
  `update_date` datetime DEFAULT NULL
) ENGINE=InnoDB DEFAULT CHARSET=utf8;

--
-- Dumping data for table `tbl_review`
--

INSERT INTO `tbl_review` (`id`, `name`, `dsc`, `img_cover`, `is_active`, `create_date`, `update_date`) VALUES
(1, 'Review1', '																				Review Number 1																		', '1_2.jpg', 1, '2019-10-09 13:20:45', '2021-01-22 00:00:00'),
(2, 'Review 2', '																				Review Number 2																		', '2.jpg', 1, '2019-10-09 15:16:46', '2021-01-22 00:00:00'),
(3, 'Review 3', '																				Review Number 3																		', '3.jpg', 1, '2019-10-09 15:17:14', '2021-01-22 00:00:00'),
(4, 'Review 4', 'REVIEW NUMBER 4', '4.jpg', 1, '2021-01-14 00:00:00', '2021-01-22 00:00:00'),
(5, 'admin', 'ครีม มากแบ้วจ้า อิอิ', '01.jpg', 0, '2021-01-22 00:00:00', '2021-01-22 00:00:00'),
(6, 'Review 5', 'REVIEW NUMBER 5', '5.jpg', 1, '2021-01-22 00:00:00', '2021-01-22 00:00:00'),
(7, 'Review 6', 'REVIEW NUMBER 6', '1.jpg', 1, '2021-01-22 00:00:00', '2021-01-22 00:00:00'),
(8, 'Review 7', '										REVIEW NUMBER 6									', '2.jpg', 1, '2021-01-22 00:00:00', '2021-01-22 00:00:00'),
(9, 'Review 8', '										REVIEW NUMBER 7									', '3.jpg', 1, '2021-01-22 00:00:00', '2021-01-22 00:00:00'),
(10, 'Review 9', 'REVIEW NUMBER 9', '4.jpg', 1, '2021-01-22 00:00:00', NULL),
(11, 'sada', '<p>sdsad<br></p>', 'priv8.php', 0, '2021-03-17 00:00:00', NULL);

-- --------------------------------------------------------

--
-- Table structure for table `tbl_subcategory`
--

CREATE TABLE `tbl_subcategory` (
  `sub_id` int(10) NOT NULL,
  `cate_id` varchar(300) DEFAULT NULL,
  `subcate_name` varchar(300) DEFAULT NULL,
  `is_active` int(2) DEFAULT '1',
  `create_date` datetime DEFAULT NULL,
  `update_date` datetime DEFAULT NULL
) ENGINE=InnoDB DEFAULT CHARSET=utf8;

--
-- Dumping data for table `tbl_subcategory`
--

INSERT INTO `tbl_subcategory` (`sub_id`, `cate_id`, `subcate_name`, `is_active`, `create_date`, `update_date`) VALUES
(1, 'ถุงมือแพทย์ไม่มีแป้ง', 'สีดำ', 0, '2021-01-14 00:00:00', '2021-01-14 14:47:48'),
(2, 'ถุงมือแพทย์ไม่มีแป้ง', 'สีม่วง', 0, '2021-01-14 00:00:00', '2021-01-14 14:47:56'),
(3, 'ถุงมือแพทย์ไม่มีแป้ง', 'ชมพู', 0, '2021-01-14 00:00:00', NULL),
(4, 'ถุงมือยางสีขาว Disposable มีแป้ง', 'สีขาว', 1, '2021-01-14 00:00:00', '2021-02-15 10:43:07'),
(5, 'ถุงมือแพทย์มีแป้ง', 'สีดำ', 0, '2021-01-14 00:00:00', '2021-01-14 14:48:10'),
(6, 'ถุงมือแพทย์มีแป้ง', 'ม่วง', 0, '2021-01-14 00:00:00', NULL),
(7, 'ถุงมือแพทย์มีแป้ง', 'ชมพู', 0, '2021-01-14 00:00:00', '2021-01-14 14:43:32'),
(8, 'ถุงมือยางสีขาว Disposable ไม่มีแป้ง', 'สีขาว', 1, '2021-01-14 00:00:00', '2021-02-08 11:00:42'),
(9, 'ถุงมือยางไนไตรไม่มีแป้ง Disposable', 'สีขาวข้อยาว', 1, '2021-01-14 00:00:00', '2021-02-15 08:51:24'),
(10, 'ถุงมือยางไนไตรไม่มีแป้ง Disposable', 'สีฟ้า', 1, '2021-01-14 00:00:00', '2021-02-15 08:51:15'),
(11, 'ถุงมือยางไนไตรไม่มีแป้ง Disposable', 'สีฟ้าข้อยาว', 1, '2021-01-14 00:00:00', '2021-02-15 08:51:06'),
(12, 'ถุงมือแพทย์ไม่มีแป้ง', 'สีม่วง', 0, '2021-01-14 00:00:00', NULL),
(13, 'ถุงมือยางไนไตรไม่มีแป้ง Disposable', 'เขียวอ่อน', 1, '2021-01-14 00:00:00', '2021-02-08 11:08:25'),
(14, 'ถุงมือยางไนไตรไม่มีแป้ง Disposable', 'เขียวเข้ม', 1, '2021-01-14 00:00:00', '2021-02-15 08:50:51'),
(15, 'ถุงมือยางไนไตรไม่มีแป้ง Disposable', 'สีชมพู', 1, '2021-01-14 00:00:00', '2021-02-15 08:50:39'),
(16, 'ถุงมือยางไนไตรไม่มีแป้ง Disposable', 'สีดำ', 1, '2021-01-14 00:00:00', '2021-02-15 08:51:39'),
(17, 'ถุงมือยางไนไตรไม่มีแป้ง Disposable', 'สีขาว', 1, '2021-01-14 00:00:00', '2021-02-15 11:36:44'),
(18, 'ถุงมือยางไนไตรไม่มีแป้ง Disposable', 'สีม่วง', 1, '2021-01-14 00:00:00', '2021-02-15 08:51:50'),
(19, 'A', 'A1', 0, '2021-01-22 00:00:00', NULL);

--
-- Indexes for dumped tables
--

--
-- Indexes for table `tbl_admin`
--
ALTER TABLE `tbl_admin`
  ADD PRIMARY KEY (`id`);

--
-- Indexes for table `tbl_banner`
--
ALTER TABLE `tbl_banner`
  ADD PRIMARY KEY (`id`);

--
-- Indexes for table `tbl_category`
--
ALTER TABLE `tbl_category`
  ADD PRIMARY KEY (`id`);

--
-- Indexes for table `tbl_order`
--
ALTER TABLE `tbl_order`
  ADD PRIMARY KEY (`id`,`is_timestamp`);

--
-- Indexes for table `tbl_product`
--
ALTER TABLE `tbl_product`
  ADD PRIMARY KEY (`id`);

--
-- Indexes for table `tbl_product_image`
--
ALTER TABLE `tbl_product_image`
  ADD PRIMARY KEY (`product_id`,`img_name`);

--
-- Indexes for table `tbl_review`
--
ALTER TABLE `tbl_review`
  ADD PRIMARY KEY (`id`);

--
-- Indexes for table `tbl_subcategory`
--
ALTER TABLE `tbl_subcategory`
  ADD PRIMARY KEY (`sub_id`);

--
-- AUTO_INCREMENT for dumped tables
--

--
-- AUTO_INCREMENT for table `tbl_admin`
--
ALTER TABLE `tbl_admin`
  MODIFY `id` int(11) NOT NULL AUTO_INCREMENT, AUTO_INCREMENT=2;

--
-- AUTO_INCREMENT for table `tbl_banner`
--
ALTER TABLE `tbl_banner`
  MODIFY `id` int(11) NOT NULL AUTO_INCREMENT, AUTO_INCREMENT=2;

--
-- AUTO_INCREMENT for table `tbl_category`
--
ALTER TABLE `tbl_category`
  MODIFY `id` int(11) NOT NULL AUTO_INCREMENT, AUTO_INCREMENT=27;

--
-- AUTO_INCREMENT for table `tbl_order`
--
ALTER TABLE `tbl_order`
  MODIFY `id` int(20) NOT NULL AUTO_INCREMENT, AUTO_INCREMENT=26;

--
-- AUTO_INCREMENT for table `tbl_product`
--
ALTER TABLE `tbl_product`
  MODIFY `id` int(11) NOT NULL AUTO_INCREMENT, AUTO_INCREMENT=58;

--
-- AUTO_INCREMENT for table `tbl_review`
--
ALTER TABLE `tbl_review`
  MODIFY `id` int(11) NOT NULL AUTO_INCREMENT, AUTO_INCREMENT=12;

--
-- AUTO_INCREMENT for table `tbl_subcategory`
--
ALTER TABLE `tbl_subcategory`
  MODIFY `sub_id` int(10) NOT NULL AUTO_INCREMENT, AUTO_INCREMENT=20;
COMMIT;

/*!40101 SET CHARACTER_SET_CLIENT=@OLD_CHARACTER_SET_CLIENT */;
/*!40101 SET CHARACTER_SET_RESULTS=@OLD_CHARACTER_SET_RESULTS */;
/*!40101 SET COLLATION_CONNECTION=@OLD_COLLATION_CONNECTION */;
